Score,Type,Category,Filed Date,Owner Name,Property Address,Property City,Property State,Property Zip,Mailing Address,Mailing City,Mailing State,Mailing Zip,Amount,Appraised Value,Delinquent,Delinquency Amount,Homestead,Out of State,Flags,Source,Doc Number,Link
96,Tax Sale,TAXSALE,,Paskin 5769 Belt Line Llc &,15101 Preston Rd,Dallas,TX,75248-4832,228 Santa Barbara St,Santa Barbara,CA,93101,71784.94,"$27,080,000",Yes,"71,784.94",No,Yes,"Tax sale scheduled, Address found, LLC / corp owner, Delinquent taxes, Out-of-state owner",Tax Sale List,TAXSALE-TX-16-01587,https://taxsales.lgbs.com/?cause=TX-16-01587
88,Tax Sale,TAXSALE,09/01/2026,,5504 Matlock Rd,Arlington,TX,76018-1559,,,TX,,144533.77,,Yes,"144,533.77",No,No,"Tax sale scheduled, High debt (>$100k), New this week, Address found, Delinquent taxes",Tax Sale List,TAXSALE-342-D43166-24,https://taxsales.lgbs.com/?cause=342-D43166-24
88,Tax Sale,TAXSALE,09/01/2026,Paredes Ramon Basilio,3339 Briaroaks Dr,Garland,TX,75044-7358,1702 Elaine Ave,Altamonte Spg,FL,32701,18548.93,"$266,240",Yes,"18,548.93",No,Yes,"Tax sale scheduled, New this week, Address found, Delinquent taxes, Out-of-state owner",Tax Sale List,TAXSALE-TX-25-00082,https://taxsales.lgbs.com/?cause=TX-25-00082
88,Tax Sale,TAXSALE,09/01/2026,Appleberry Carolyn &,6826 Victoria Ave,Dallas,TX,75209-3615,6826 Victoria Ave,Dallas,TX,75209,188588.77,"$221,040",Yes,"188,588.77",No,No,"Tax sale scheduled, High debt (>$100k), New this week, Address found, Delinquent taxes",Tax Sale List,TAXSALE-TX-22-01413,https://taxsales.lgbs.com/?cause=TX-22-01413
88,Tax Sale,TAXSALE,09/01/2026,Appleberry Carolyn &,6826 Victoria Ave,Dallas,TX,75209-3615,6826 Victoria Ave,Dallas,TX,75209,188588.77,"$221,040",Yes,"188,588.77",No,No,"Tax sale scheduled, High debt (>$100k), New this week, Address found, Delinquent taxes",Tax Sale List,TAXSALE-TX-22-01413,https://taxsales.lgbs.com/?cause=TX-22-01413
88,Tax Sale,TAXSALE,,Clearwater Paper Corp,8Th Ave,Midlothian,TX,76065,Suite 300 Attn Tax Department 601 W Riverside Ave,Spokane,WA,5,19951.63,"$2,641,520",Yes,"19,951.63",No,Yes,"Tax sale scheduled, Address found, LLC / corp owner, Delinquent taxes, Out-of-state owner",Tax Sale List,TAXSALE-22109TX,https://taxsales.lgbs.com/?cause=22109TX
88,Tax Sale,TAXSALE,,Grand High Prairie Llc,3475 Roy Orr Blvd,Grand Prairie,TX,75050,2819 N Macarthur Blvd,Irving,TX,75062,146282.52,"$181,910",Yes,"146,282.52",No,No,"Tax sale scheduled, High debt (>$100k), Address found, LLC / corp owner, Delinquent taxes",Tax Sale List,TAXSALE-TX-12-30437,https://taxsales.lgbs.com/?cause=TX-12-30437
88,Tax Sale,TAXSALE,,Tx 10605 Boomer Cir De Llc,10605 Boomer Cir,Dallas,TX,75238-5300,450 Park Ave Fl 9 C/O Oxford Properties Group,New York,NY,10022,10048.24,"$3,405,910",Yes,"10,048.24",No,Yes,"Tax sale scheduled, Address found, LLC / corp owner, Delinquent taxes, Out-of-state owner",Tax Sale List,TAXSALE-TX-13-31041,https://taxsales.lgbs.com/?cause=TX-13-31041
88,Tax Sale,TAXSALE,,Prawn Property Llc,2111 Industrial St,Lancaster,TX,75134,2135 Industrial St,Lancaster,TX,75134,548474.64,"$431,640",Yes,"548,474.64",No,No,"Tax sale scheduled, High debt (>$100k), Address found, LLC / corp owner, Delinquent taxes",Tax Sale List,TAXSALE-TX-24-00400,https://taxsales.lgbs.com/?cause=TX-24-00400
88,Tax Sale,TAXSALE,,Dallas Landing Assoc Ltd,8302 Fair Oaks Crossing,Dallas,TX,75231,1035 Pearl St Fl 5 C/O The Katz Group Inc,Boulder,CO,80302,9983.87,"$4,850",Yes,"9,983.87",No,Yes,"Tax sale scheduled, Address found, LLC / corp owner, Delinquent taxes, Out-of-state owner",Tax Sale List,TAXSALE-TX-16-00741,https://taxsales.lgbs.com/?cause=TX-16-00741
88,Tax Sale,TAXSALE,,Marshall Dorothy M Living Trust,4930 Brookview Dr,Dallas,TX,75220-3918,4930 Brookview Dr,Dallas,TX,75220,1058607.02,"$3,550,880",Yes,"1,058,607.02",No,No,"Tax sale scheduled, High debt (>$100k), Address found, LLC / corp owner, Delinquent taxes",Tax Sale List,TAXSALE-94-30164-T-D,https://taxsales.lgbs.com/?cause=94-30164-T-D
88,Tax Sale,TAXSALE,,Trails Assoc Ltd,9800 Harwell Dr,Dallas,TX,75220,Po Box 2443,Rancho Santa Fe,CA,92067,24800.0,"$24,800",Yes,"24,800.00",No,Yes,"Tax sale scheduled, Address found, LLC / corp owner, Delinquent taxes, Out-of-state owner",Tax Sale List,TAXSALE-TX-17-00778,https://taxsales.lgbs.com/?cause=TX-17-00778
88,Tax Sale,TAXSALE,,5751 Marvin Loving Llc,5700 Marvin Loving Dr,Garland,TX,75043,4261 E University Dr Ste 30-339,Prosper,TX,75078,142210.0,"$509,210",Yes,"142,210.00",No,No,"Tax sale scheduled, High debt (>$100k), Address found, LLC / corp owner, Delinquent taxes",Tax Sale List,TAXSALE-TX-21-01035,https://taxsales.lgbs.com/?cause=TX-21-01035
83,Tax Sale,TAXSALE,,,4010 Hemphill St,Fort Worth,TX,76110-6254,,,TX,,157050.46,,Yes,"157,050.46",No,No,"Tax sale scheduled, High debt (>$100k), Address found, Delinquent taxes",Tax Sale List,TAXSALE-017-D22516-19,https://taxsales.lgbs.com/?cause=017-D22516-19
83,Tax Sale,TAXSALE,,,6612 Wooddale Dr,Watauga,TX,76148-2855,,,TX,,104888.41,,Yes,"104,888.41",No,No,"Tax sale scheduled, High debt (>$100k), Address found, Delinquent taxes",Tax Sale List,TAXSALE-348-D40366-24,https://taxsales.lgbs.com/?cause=348-D40366-24
83,Tax Sale,TAXSALE,,,2111 Ellis Ave,Fort Worth,TX,76164-8135,,,TX,,111690.61,,Yes,"111,690.61",No,No,"Tax sale scheduled, High debt (>$100k), Address found, Delinquent taxes",Tax Sale List,TAXSALE-141-D35445-23,https://taxsales.lgbs.com/?cause=141-D35445-23
83,Tax Sale,TAXSALE,,,4500 Ellis Ranch Trl,Fort Worth,TX,76119-4508,,,TX,,203280.87,,Yes,"203,280.87",No,No,"Tax sale scheduled, High debt (>$100k), Address found, Delinquent taxes",Tax Sale List,TAXSALE-048-D31714-22,https://taxsales.lgbs.com/?cause=048-D31714-22
83,Tax Sale,TAXSALE,,,5006 James Ave,Fort Worth,TX,76115-3818,,,TX,,302423.09,,Yes,"302,423.09",No,No,"Tax sale scheduled, High debt (>$100k), Address found, Delinquent taxes",Tax Sale List,TAXSALE-048-D12002-17,https://taxsales.lgbs.com/?cause=048-D12002-17
83,Tax Sale,TAXSALE,,Owner Withheld Per Sec 25.025 & 25.026,1902 S Woody Rd,Dallas,TX,75253,Address Withheld,City Withheld,WTHLD,WTHLD,4520.56,"$281,690",Yes,"4,520.56",No,Yes,"Tax sale scheduled, Address found, Delinquent taxes, Out-of-state owner",Tax Sale List,TAXSALE-TX-16-00859,https://taxsales.lgbs.com/?cause=TX-16-00859
83,Tax Sale,TAXSALE,,Ibarra Thomas,605 E Rock Island Rd,Grand Prairie,TX,75050,1319 Mayers Rd,Irving,TX,75060,144481.58,"$159,600",Yes,"144,481.58",No,No,"Tax sale scheduled, High debt (>$100k), Address found, Delinquent taxes",Tax Sale List,TAXSALE-TX-16-00925,https://taxsales.lgbs.com/?cause=TX-16-00925
83,Tax Sale,TAXSALE,,Loggins Keith,13 Richardson St,Grand Prairie,TX,75051,5984 Parktree Cv,Memphis,TN,38141,21370.0,"$35,620",Yes,"21,370.00",No,Yes,"Tax sale scheduled, Address found, Delinquent taxes, Out-of-state owner",Tax Sale List,TAXSALE-TX-22-00574,https://taxsales.lgbs.com/?cause=TX-22-00574
83,Tax Sale,TAXSALE,,Heller Xvii Partnership Lp &,14 Richardson St,Grand Prairie,TX,75051,205 Mill Rd,Edison,NJ,08837,21370.0,"$12,080,000",Yes,"21,370.00",No,Yes,"Tax sale scheduled, Address found, Delinquent taxes, Out-of-state owner",Tax Sale List,TAXSALE-TX-22-00574,https://taxsales.lgbs.com/?cause=TX-22-00574
83,Tax Sale,TAXSALE,,Loggins Keith,44 Camden Rd,Grand Prairie,TX,75051,5984 Parktree Cv,Memphis,TN,38141,21370.0,"$35,620",Yes,"21,370.00",No,Yes,"Tax sale scheduled, Address found, Delinquent taxes, Out-of-state owner",Tax Sale List,TAXSALE-TX-22-00574,https://taxsales.lgbs.com/?cause=TX-22-00574
83,Tax Sale,TAXSALE,,Loggins Keith,45 Camden Rd,Grand Prairie,TX,75051,5984 Parktree Cv,Memphis,TN,38141,21370.0,"$35,620",Yes,"21,370.00",No,Yes,"Tax sale scheduled, Address found, Delinquent taxes, Out-of-state owner",Tax Sale List,TAXSALE-TX-22-00574,https://taxsales.lgbs.com/?cause=TX-22-00574
83,Tax Sale,TAXSALE,,2023 Wilson Community,3325 Hallett Ave.,Dallas,TX,75231,150 Brighton Close,Nashville,TN,37205,10537.19,"$32,000",Yes,"10,537.19",No,Yes,"Tax sale scheduled, Address found, Delinquent taxes, Out-of-state owner",Tax Sale List,TAXSALE-TX-14-41187,https://taxsales.lgbs.com/?cause=TX-14-41187
83,Tax Sale,TAXSALE,,Williams Chester F Est Of,1506 Harbor Rd,Dallas,TX,75216-3224,1506 Harbor Rd,Dallas,TX,75216,286730.0,"$286,730",Yes,"286,730.00",No,No,"Tax sale scheduled, High debt (>$100k), Address found, Delinquent taxes",Tax Sale List,TAXSALE-TX-23-00569,https://taxsales.lgbs.com/?cause=TX-23-00569
83,Tax Sale,TAXSALE,,Spivey Craig &,6248 Oram St Apt 9,Dallas,TX,75214-6250,522 Largent Ave,Dallas,TX,75214,129960.0,"$125,000",Yes,"129,960.00",No,No,"Tax sale scheduled, High debt (>$100k), Address found, Delinquent taxes",Tax Sale List,TAXSALE-TX-21-00829,https://taxsales.lgbs.com/?cause=TX-21-00829
83,Tax Sale,TAXSALE,,Collins Earlie &,3923 Frisco Ave,Irving,TX,75061-6230,3923 Frisco Ave,Irving,TX,75061,114536.92,"$240,240",Yes,"114,536.92",No,No,"Tax sale scheduled, High debt (>$100k), Address found, Delinquent taxes",Tax Sale List,TAXSALE-TX-16-01424,https://taxsales.lgbs.com/?cause=TX-16-01424
83,Tax Sale,TAXSALE,,Clark Ben Jr Dr,2826 E Illinois Ave,Dallas,TX,75216-3422,2826 E Illinois Ave,Dallas,TX,75216,128815.52,"$31,000",Yes,"128,815.52",No,No,"Tax sale scheduled, High debt (>$100k), Address found, Delinquent taxes",Tax Sale List,TAXSALE-TX-19-00080,https://taxsales.lgbs.com/?cause=TX-19-00080
83,Tax Sale,TAXSALE,,Balch Springs City Of,732 Lakeside Rd,Balch Springs,TX,75181-3016,13503 Alexander Rd,Balch Springs,TX,75181,297392.93,"$677,620",Yes,"297,392.93",No,No,"Tax sale scheduled, High debt (>$100k), Address found, Delinquent taxes",Tax Sale List,TAXSALE-TX-18-01789,https://taxsales.lgbs.com/?cause=TX-18-01789
83,Tax Sale,TAXSALE,,Dallas City Of,8600 Midpark Rd,Dallas,TX,75240,320 E Jefferson Blvd # 203,Dallas,TX,75203,222940.0,"$22,000",Yes,"222,940.00",No,No,"Tax sale scheduled, High debt (>$100k), Address found, Delinquent taxes",Tax Sale List,TAXSALE-TX-22-01346,https://taxsales.lgbs.com/?cause=TX-22-01346
83,Tax Sale,TAXSALE,,Obryant Eugene,1228 Vincent Ave,Dallas,TX,75211-5911,1228 Vincent Ave,Dallas,TX,75211,149849.65,"$261,920",Yes,"149,849.65",No,No,"Tax sale scheduled, High debt (>$100k), Address found, Delinquent taxes",Tax Sale List,TAXSALE-TX-22-01476,https://taxsales.lgbs.com/?cause=TX-22-01476
83,Tax Sale,TAXSALE,,Dallas City Of,4801 Terry St,Dallas,TX,75223,320 E Jefferson Blvd # 203,Dallas,TX,75203,115057.62,"$145,000",Yes,"115,057.62",No,No,"Tax sale scheduled, High debt (>$100k), Address found, Delinquent taxes",Tax Sale List,TAXSALE-TX-13-50001,https://taxsales.lgbs.com/?cause=TX-13-50001
83,Tax Sale,TAXSALE,,Jackson Elvis D,734 N Jefferson St,Lancaster,TX,75146-1702,3100 Blue Jay Dr,Corinth,TX,76210,104364.54,"$268,280",Yes,"104,364.54",No,No,"Tax sale scheduled, High debt (>$100k), Address found, Delinquent taxes",Tax Sale List,TAXSALE-TX-22-01898,https://taxsales.lgbs.com/?cause=TX-22-01898
83,Tax Sale,TAXSALE,,Schadel Carl &,3539 Cumberland St,Lancaster,TX,75134,268 Lake Shore Dr Unit 120,Boulder City,NV,89005,,"$105,230",Yes,,No,Yes,"Tax sale scheduled, Address found, Delinquent taxes, Out-of-state owner",Tax Sale List,TAXSALE-TX-16-01839,https://taxsales.lgbs.com/?cause=TX-16-01839
83,Tax Sale,TAXSALE,,Williams Jeanette Et Al,7005 Antler Ave,Dallas,TX,75217-5840,1614 Autumn Breeze Ln,Lewisville,TX,75077,161869.85,"$80,000",Yes,"161,869.85",No,No,"Tax sale scheduled, High debt (>$100k), Address found, Delinquent taxes",Tax Sale List,TAXSALE-TX-23-00414,https://taxsales.lgbs.com/?cause=TX-23-00414
83,Tax Sale,TAXSALE,,Columbia North Texas Sub Gp,11970 N Central Expy,Dallas,TX,75243-3768,One Park Plaza  Po Box 80610,Indianapolis,IN,46280,,"$29,990,660",Yes,,No,Yes,"Tax sale scheduled, Address found, Delinquent taxes, Out-of-state owner",Tax Sale List,TAXSALE-TX-23-01296,https://taxsales.lgbs.com/?cause=TX-23-01296
83,Tax Sale,TAXSALE,,Columbia Hospital At Medical City Dallas,11996 N Central Expy,Dallas,TX,75243,Po Box 80610,Indianapolis,IN,46280,,"$28,000,000",Yes,,No,Yes,"Tax sale scheduled, Address found, Delinquent taxes, Out-of-state owner",Tax Sale List,TAXSALE-TX-23-01296,https://taxsales.lgbs.com/?cause=TX-23-01296
83,Tax Sale,TAXSALE,,Dallas City Of,1411 Strickland St,Dallas,TX,75216-1313,320 E Jefferson Blvd # 203,Dallas,TX,75203,110774.68,"$90,000",Yes,"110,774.68",No,No,"Tax sale scheduled, High debt (>$100k), Address found, Delinquent taxes",Tax Sale List,TAXSALE-TX-19-01413,https://taxsales.lgbs.com/?cause=TX-19-01413
83,Tax Sale,TAXSALE,,Dallas County,1024 Springbrook Dr,Desoto,TX,75115-3944,500 Elm St Ste 5300,Dallas,TX,75202,301418.88,"$249,380",Yes,"301,418.88",No,No,"Tax sale scheduled, High debt (>$100k), Address found, Delinquent taxes",Tax Sale List,TAXSALE-TX-22-00738,https://taxsales.lgbs.com/?cause=TX-22-00738
83,Tax Sale,TAXSALE,,Mesquite City Of,1001 Ih 30,Mesquite,TX,75043,1515 N Galloway Ave,Mesquite,TX,75149,259810.0,"$649,520",Yes,"259,810.00",No,No,"Tax sale scheduled, High debt (>$100k), Address found, Delinquent taxes",Tax Sale List,TAXSALE-TX-22-00654,https://taxsales.lgbs.com/?cause=TX-22-00654
83,Tax Sale,TAXSALE,,Garland City Of,2901 Centerville Rd.,Garland,TX,,200 N 5Th St,Garland,TX,75040,124700.0,"$124,700",Yes,"124,700.00",No,No,"Tax sale scheduled, High debt (>$100k), Address found, Delinquent taxes",Tax Sale List,TAXSALE-TX-16-01566,https://taxsales.lgbs.com/?cause=TX-16-01566
83,Tax Sale,TAXSALE,,Londono Ceballos Mauricio,957 Garner Rd.,Rowlett,TX,75088,6714 California Ave Sw,Seattle,WA,98136,,,Yes,,No,Yes,"Tax sale scheduled, Address found, Delinquent taxes, Out-of-state owner",Tax Sale List,TAXSALE-TX-17-00797,https://taxsales.lgbs.com/?cause=TX-17-00797
83,Tax Sale,TAXSALE,,Byrne Development Co,760 Ih 30,Garland,TX,75043,3720 Miramar Ave,Dallas,TX,75205,293860.25,"$238,200",Yes,"293,860.25",No,No,"Tax sale scheduled, High debt (>$100k), Address found, Delinquent taxes",Tax Sale List,TAXSALE-TX-22-00654,https://taxsales.lgbs.com/?cause=TX-22-00654
83,Tax Sale,TAXSALE,,Rotendomendez Rene,2500 Parkerville Rd,Lancaster,TX,75146,105 Callep 475,Marathon,FL,33050,15999.47,"$29,210",Yes,"15,999.47",No,Yes,"Tax sale scheduled, Address found, Delinquent taxes, Out-of-state owner",Tax Sale List,TAXSALE-TX-13-30817,https://taxsales.lgbs.com/?cause=TX-13-30817
83,Tax Sale,TAXSALE,,Coiley Casio,2974 Clovis Ave,Dallas,TX,75233,14836 East 2640S Rd,Pembroke Township,IL,60958,11960.0,"$19,930",Yes,"11,960.00",No,Yes,"Tax sale scheduled, Address found, Delinquent taxes, Out-of-state owner",Tax Sale List,TAXSALE-TX-22-01837,https://taxsales.lgbs.com/?cause=TX-22-01837
83,Tax Sale,TAXSALE,,Dallas City Of,2226 Greer St,Dallas,TX,75215-4103,320 E Jefferson Blvd # 203,Dallas,TX,75203,101114.93,"$75,500",Yes,"101,114.93",No,No,"Tax sale scheduled, High debt (>$100k), Address found, Delinquent taxes",Tax Sale List,TAXSALE-TX-21-00857,https://taxsales.lgbs.com/?cause=TX-21-00857
83,Tax Sale,TAXSALE,,Bowser Doris M,3719 Penelope St,Dallas,TX,75210-1937,Rr 3 Box 162,Augusta,KS,67010,,"$62,610",Yes,,No,Yes,"Tax sale scheduled, Address found, Delinquent taxes, Out-of-state owner",Tax Sale List,TAXSALE-TX-14-50078,https://taxsales.lgbs.com/?cause=TX-14-50078
83,Tax Sale,TAXSALE,,Owner Withheld Per Sec 25.025 & 25.026,2344 Village Way,Dallas,TX,75216-4635,Address Withheld,City Withheld,WTHLD,WTHLD,32166.41,"$175,060",Yes,"32,166.41",No,Yes,"Tax sale scheduled, Address found, Delinquent taxes, Out-of-state owner",Tax Sale List,TAXSALE-TX-25-00515,https://taxsales.lgbs.com/?cause=TX-25-00515
83,Tax Sale,TAXSALE,,Dabney Teresa,408 E Brownlee Ave,Dallas,TX,75216,2810 Foothill Oaks Dr,Pleasanton,CA,94588,16489.84,"$42,500",Yes,"16,489.84",No,Yes,"Tax sale scheduled, Address found, Delinquent taxes, Out-of-state owner",Tax Sale List,TAXSALE-TX-22-00541,https://taxsales.lgbs.com/?cause=TX-22-00541
83,Tax Sale,TAXSALE,,Richardson City Of,604 Vernet St,Richardson,TX,75080-4232,Po Box 830309,Richardson,TX,75083,289142.4,"$105,000",Yes,"289,142.40",No,No,"Tax sale scheduled, High debt (>$100k), Address found, Delinquent taxes",Tax Sale List,TAXSALE-TX-19-01710,https://taxsales.lgbs.com/?cause=TX-19-01710
83,Tax Sale,TAXSALE,,Aguilar Efren Consuelo,214 N Frances St,Dallas,TX,75211-3021,214 N Frances St,Dallas,TX,75211,152557.94,"$120,000",Yes,"152,557.94",No,No,"Tax sale scheduled, High debt (>$100k), Address found, Delinquent taxes",Tax Sale List,TAXSALE-TX-23-01922,https://taxsales.lgbs.com/?cause=TX-23-01922
83,Tax Sale,TAXSALE,,Dallas City Of,3355 Dawes Dr,Dallas,TX,75211-5936,320 E Jefferson Blvd #203,Dallas,TX,75203,117912.73,"$65,000",Yes,"117,912.73",No,No,"Tax sale scheduled, High debt (>$100k), Address found, Delinquent taxes",Tax Sale List,TAXSALE-TX-23-00201,https://taxsales.lgbs.com/?cause=TX-23-00201
83,Tax Sale,TAXSALE,,Epps Jess S Jr &,1810 S Carrier Pkwy,Grand Prairie,TX,75051,124 Yorktown Blvd,Kerrville,TX,78028,118050.0,"$177,070",Yes,"118,050.00",No,No,"Tax sale scheduled, High debt (>$100k), Address found, Delinquent taxes",Tax Sale List,TAXSALE-TX-13-30089,https://taxsales.lgbs.com/?cause=TX-13-30089
83,Tax Sale,TAXSALE,,Dallas City Of,2640 Southland St,Dallas,TX,75215-4259,320 E Jefferson Blvd #203,Dallas,TX,75203,104473.17,"$67,680",Yes,"104,473.17",No,No,"Tax sale scheduled, High debt (>$100k), Address found, Delinquent taxes",Tax Sale List,TAXSALE-TX-22-02086,https://taxsales.lgbs.com/?cause=TX-22-02086
83,Tax Sale,TAXSALE,,Browning Wayne & Diana,12330 C F Hawn Fwy,Dallas,TX,75253,Po Box 2136 C/O  Debbie C Boyd,Mill Valley,CA,94942,9300.0,"$25,590",Yes,"9,300.00",No,Yes,"Tax sale scheduled, Address found, Delinquent taxes, Out-of-state owner",Tax Sale List,TAXSALE-TX-22-00488,https://taxsales.lgbs.com/?cause=TX-22-00488
83,Tax Sale,TAXSALE,,Dallas City Of,8709 S Hampton Rd,Dallas,TX,75232,1500 Marilla St,Dallas,TX,75201,265368.62,"$181,600",Yes,"265,368.62",No,No,"Tax sale scheduled, High debt (>$100k), Address found, Delinquent taxes",Tax Sale List,TAXSALE-TX-22-00804,https://taxsales.lgbs.com/?cause=TX-22-00804
81,Tax Sale,TAXSALE,09/01/2026,,3312 Meadow Wood Ln,Bedford,TX,76021-3746,,,TX,,51905.55,,Yes,"51,905.55",No,No,"Tax sale scheduled, New this week, Address found, Delinquent taxes",Tax Sale List,TAXSALE-153-D02965-14,https://taxsales.lgbs.com/?cause=153-D02965-14
81,Tax Sale,TAXSALE,09/01/2026,Tosomboon  Kradsara,701 Skillman St,Dallas,TX,75214-4631,701 Skillman St,Dallas,TX,75214,90232.22,"$600,820",Yes,"90,232.22",No,No,"Tax sale scheduled, New this week, Address found, Delinquent taxes",Tax Sale List,TAXSALE-TX-24-01370,https://taxsales.lgbs.com/?cause=TX-24-01370
81,Tax Sale,TAXSALE,09/01/2026,Randel Arlandra &,3627 Maryland Ave,Dallas,TX,75216-5909,3627 Maryland Ave,Dallas,TX,75216,67264.76,"$183,610",Yes,"67,264.76",No,No,"Tax sale scheduled, New this week, Address found, Delinquent taxes",Tax Sale List,TAXSALE-TX-23-00638,https://taxsales.lgbs.com/?cause=TX-23-00638
81,Tax Sale,TAXSALE,09/01/2026,Zarate Irma Yolanda Est Of &,822 Big Thicket Trl,Mesquite,TX,75149-2572,822 Big Thicket Trl,Mesquite,TX,75149,70689.48,"$329,520",Yes,"70,689.48",No,No,"Tax sale scheduled, New this week, Address found, Delinquent taxes",Tax Sale List,TAXSALE-TX-24-00667,https://taxsales.lgbs.com/?cause=TX-24-00667
81,Tax Sale,TAXSALE,09/01/2026,Bradshaw Jamice Et Al,1227 Hillburn Dr,Dallas,TX,75217,1227 Hillburn Dr,Dallas,TX,75217,57345.77,"$90,000",Yes,"57,345.77",No,No,"Tax sale scheduled, New this week, Address found, Delinquent taxes",Tax Sale List,TAXSALE-TX-15-00963,https://taxsales.lgbs.com/?cause=TX-15-00963
81,Tax Sale,TAXSALE,09/01/2026,Huntington National Bank Trustee &,2207 Millermore St,Dallas,TX,75216-3322,5787 S Hampton Rd Ste 210 C/O Mr Larry A Flournoy Jr,Dallas,TX,75232,97144.75,"$279,190",Yes,"97,144.75",No,No,"Tax sale scheduled, New this week, Address found, Delinquent taxes",Tax Sale List,TAXSALE-TX-23-00157,https://taxsales.lgbs.com/?cause=TX-23-00157
81,Tax Sale,TAXSALE,09/01/2026,Steverson Hazel Est Of,1022 Chalmers St,Dallas,TX,75211-5342,1022 Chalmers St,Dallas,TX,75211,82735.27,"$273,820",Yes,"82,735.27",No,No,"Tax sale scheduled, New this week, Address found, Delinquent taxes",Tax Sale List,TAXSALE-TX-23-00379,https://taxsales.lgbs.com/?cause=TX-23-00379
81,Tax Sale,TAXSALE,09/01/2026,Cervantes Hortensia A Est Of,9838 Webb Chapel Rd,Dallas,TX,75220-3444,9838 Webb Chapel Rd,Dallas,TX,75220,82635.51,"$288,930",Yes,"82,635.51",No,No,"Tax sale scheduled, New this week, Address found, Delinquent taxes",Tax Sale List,TAXSALE-TX-23-01219,https://taxsales.lgbs.com/?cause=TX-23-01219
81,Tax Sale,TAXSALE,09/01/2026,Kennedy Lebertha,3617 Hancock St,Dallas,TX,75210,2714 Modree Ave,Dallas,TX,75216,51865.71,"$52,990",Yes,"51,865.71",No,No,"Tax sale scheduled, New this week, Address found, Delinquent taxes",Tax Sale List,TAXSALE-TX-22-01859,https://taxsales.lgbs.com/?cause=TX-22-01859
81,Tax Sale,TAXSALE,,Ukla Llc,521 E 8Th St,Dallas,TX,75203,713 S Main St,Duncanville,TX,75137,70011.92,"$251,270",Yes,"70,011.92",No,No,"Tax sale scheduled, Address found, LLC / corp owner, Delinquent taxes",Tax Sale List,TAXSALE-TX-21-01041,https://taxsales.lgbs.com/?cause=TX-21-01041
81,Tax Sale,TAXSALE,,Pretty Home Solutions Llc,2511 Suffolk Ln,Lancaster,TX,75134,633 Delphinium Dr,Dallas,TX,75217,78965.55,"$55,000",Yes,"78,965.55",No,No,"Tax sale scheduled, Address found, LLC / corp owner, Delinquent taxes",Tax Sale List,TAXSALE-TX-19-01792,https://taxsales.lgbs.com/?cause=TX-19-01792
81,Tax Sale,TAXSALE,,Starlight Homebuyers Llc,5702 Murphy Rd,Sachse,TX,75048-2824,711 Beau Dr,Wylie,TX,75098,83995.79,"$555,030",Yes,"83,995.79",No,No,"Tax sale scheduled, Address found, LLC / corp owner, Delinquent taxes",Tax Sale List,TAXSALE-TX-23-01243,https://taxsales.lgbs.com/?cause=TX-23-01243
81,Tax Sale,TAXSALE,,Chellecomm Llc,3815 Carl St,Dallas,TX,75210-1802,512 N Hampton Rd #218,Desoto,TX,75115,61847.27,"$69,950",Yes,"61,847.27",No,No,"Tax sale scheduled, Address found, LLC / corp owner, Delinquent taxes",Tax Sale List,TAXSALE-TX-21-00956,https://taxsales.lgbs.com/?cause=TX-21-00956
81,Tax Sale,TAXSALE,,Hedgestone Investments Llc,4318 Hamilton Ave,Dallas,TX,75210-1110,5606 Bryn Mawr Dr,Dallas,TX,75209,98472.67,"$173,590",Yes,"98,472.67",No,No,"Tax sale scheduled, Address found, LLC / corp owner, Delinquent taxes",Tax Sale List,TAXSALE-TX-25-00580,https://taxsales.lgbs.com/?cause=TX-25-00580
78,Tax Sale,TAXSALE,09/01/2026,Dyer Lue V Estate Of,3100 Tuskegee St,Dallas,TX,75215-3938,3100 Tuskegee St,Dallas,TX,75215,30868.36,"$119,320",Yes,"30,868.36",No,No,"Tax sale scheduled, New this week, Address found, LLC / corp owner, Delinquent taxes",Tax Sale List,TAXSALE-TX-22-01705,https://taxsales.lgbs.com/?cause=TX-22-01705
78,Tax Sale,TAXSALE,09/01/2026,Salinas Trust,2727 Jim St,Dallas,TX,75212-4333,2727 Jim St,Dallas,TX,75212,18456.72,"$132,790",Yes,"18,456.72",No,No,"Tax sale scheduled, New this week, Address found, LLC / corp owner, Delinquent taxes",Tax Sale List,TAXSALE-TX-25-01122,https://taxsales.lgbs.com/?cause=TX-25-01122
78,Tax Sale,TAXSALE,09/01/2026,Ota Enterprises Llc,2314 Stovall Dr,Dallas,TX,75216-4625,837 Ginger Trl,Desoto,TX,75115,22725.3,,Yes,"22,725.30",No,No,"Tax sale scheduled, New this week, Address found, LLC / corp owner, Delinquent taxes",Tax Sale List,TAXSALE-TX-25-01148,https://taxsales.lgbs.com/?cause=TX-25-01148
78,Tax Sale,TAXSALE,09/01/2026,Rylie Mobile Home Park Llc,1125 Compton St,Dallas,TX,75203,5401 S Peachtree Rd,Balch Springs,TX,75180,7195.42,"$6,970",Yes,"7,195.42",No,No,"Tax sale scheduled, New this week, Address found, LLC / corp owner, Delinquent taxes",Tax Sale List,TAXSALE-TX-25-01497,https://taxsales.lgbs.com/?cause=TX-25-01497
76,Tax Sale,TAXSALE,,,2704 Holland St,Fort Worth,TX,76164-7036,,,TX,,73300.26,,Yes,"73,300.26",No,No,"Tax sale scheduled, Address found, Delinquent taxes",Tax Sale List,TAXSALE-048-D34938-23,https://taxsales.lgbs.com/?cause=048-D34938-23
76,Tax Sale,TAXSALE,,,7601 Smith Dr,Mansfield,TX,76063-4627,,,TX,,77922.7,,Yes,"77,922.70",No,No,"Tax sale scheduled, Address found, Delinquent taxes",Tax Sale List,TAXSALE-141-D39622-23,https://taxsales.lgbs.com/?cause=141-D39622-23
76,Tax Sale,TAXSALE,,,3700 Alice St,Fort Worth,TX,76110,,,TX,,58835.37,,Yes,"58,835.37",No,No,"Tax sale scheduled, Address found, Delinquent taxes",Tax Sale List,TAXSALE-236-B46878-13,https://taxsales.lgbs.com/?cause=236-B46878-13
76,Tax Sale,TAXSALE,,,3675 Stone Creek Pkwy,Fort Worth,TX,76137-1929,,,TX,,75321.91,,Yes,"75,321.91",No,No,"Tax sale scheduled, Address found, Delinquent taxes",Tax Sale List,TAXSALE-348-D25260-20,https://taxsales.lgbs.com/?cause=348-D25260-20
76,Tax Sale,TAXSALE,,,6200 Prairie Ct,Watauga,TX,76148-1325,,,TX,,54169.12,,Yes,"54,169.12",No,No,"Tax sale scheduled, Address found, Delinquent taxes",Tax Sale List,TAXSALE-017-D38142-23,https://taxsales.lgbs.com/?cause=017-D38142-23
76,Tax Sale,TAXSALE,,,4200 Glen Ridge Dr,Arlington,TX,76016-4924,,,TX,,51484.37,,Yes,"51,484.37",No,No,"Tax sale scheduled, Address found, Delinquent taxes",Tax Sale List,TAXSALE-352-D41833-24,https://taxsales.lgbs.com/?cause=352-D41833-24
76,Tax Sale,TAXSALE,,,1507 E 1St North,Kaufman,TX,75142,,,TX,,51926.63,,Yes,"51,926.63",No,No,"Tax sale scheduled, Address found, Delinquent taxes",Tax Sale List,TAXSALE-102590-CC2,https://taxsales.lgbs.com/?cause=102590-CC2
76,Tax Sale,TAXSALE,,Rico Jose Luis Perez &,4306 Vanette Ln,Dallas,TX,75216-6063,4306 Vanette Ln,Dallas,TX,75216,72909.69,"$273,100",Yes,"72,909.69",No,No,"Tax sale scheduled, Address found, Delinquent taxes",Tax Sale List,TAXSALE-TX-19-01116,https://taxsales.lgbs.com/?cause=TX-19-01116
76,Tax Sale,TAXSALE,,Leffelman Bernice,3221 Puget St.,Dallas,TX,75212,3221 Puget St,Dallas,TX,75212,99384.99,"$168,750",Yes,"99,384.99",No,No,"Tax sale scheduled, Address found, Delinquent taxes",Tax Sale List,TAXSALE-TX-24-00759,https://taxsales.lgbs.com/?cause=TX-24-00759
76,Tax Sale,TAXSALE,,Moore Bertha,1406 Fayette St,Dallas,TX,75203-3226,1406 Fayette St,Dallas,TX,75203,53116.23,"$110,000",Yes,"53,116.23",No,No,"Tax sale scheduled, Address found, Delinquent taxes",Tax Sale List,TAXSALE-TX-23-01399,https://taxsales.lgbs.com/?cause=TX-23-01399
76,Tax Sale,TAXSALE,,Dallas City Of,2716 Canary Dr,Dallas,TX,75216-4729,320 E Jefferson Blvd # 203,Dallas,TX,75203,59878.32,"$70,000",Yes,"59,878.32",No,No,"Tax sale scheduled, Address found, Delinquent taxes",Tax Sale List,TAXSALE-TX-23-00735,https://taxsales.lgbs.com/?cause=TX-23-00735
76,Tax Sale,TAXSALE,,Dallas City Of,3704 Bonnie View Rd,Dallas,TX,75216,320 E Jefferson Blvd # 203,Dallas,TX,75203,71692.97,"$71,400",Yes,"71,692.97",No,No,"Tax sale scheduled, Address found, Delinquent taxes",Tax Sale List,TAXSALE-TX-22-01687,https://taxsales.lgbs.com/?cause=TX-22-01687
76,Tax Sale,TAXSALE,,Dallas City Of,3719 Silverhill Dr,Dallas,TX,75241-6008,320 E Jefferson Blvd #203,Dallas,TX,75203,83649.58,"$70,000",Yes,"83,649.58",No,No,"Tax sale scheduled, Address found, Delinquent taxes",Tax Sale List,TAXSALE-TX-23-01209,https://taxsales.lgbs.com/?cause=TX-23-01209
76,Tax Sale,TAXSALE,,Dallas City Of,9211 Cold Springs St,Dallas,TX,75217-9016,320 E Jefferson Blvd #203,Dallas,TX,75203,84674.89,"$60,000",Yes,"84,674.89",No,No,"Tax sale scheduled, Address found, Delinquent taxes",Tax Sale List,TAXSALE-TX-24-01699,https://taxsales.lgbs.com/?cause=TX-24-01699
76,Tax Sale,TAXSALE,,Garza Maria & Amando,315 Lakeside Rd,Balch Springs,TX,75181,9507 Laneyvale Ave,Dallas,TX,75217,87500.0,"$70,000",Yes,"87,500.00",No,No,"Tax sale scheduled, Address found, Delinquent taxes",Tax Sale List,TAXSALE-TX-23-00744,https://taxsales.lgbs.com/?cause=TX-23-00744
76,Tax Sale,TAXSALE,,Dallas City Of,5811 Riverside Dr,Dallas,TX,75235,320 E Jefferson Blvd # 203,Dallas,TX,75203,53622.43,"$77,500",Yes,"53,622.43",No,No,"Tax sale scheduled, Address found, Delinquent taxes",Tax Sale List,TAXSALE-TX-22-00312,https://taxsales.lgbs.com/?cause=TX-22-00312
76,Tax Sale,TAXSALE,,Dallas County,613 Pierson St,Lancaster,TX,75146,500 Elm St Ste 5300,Dallas,TX,75202,65789.73,"$22,000",Yes,"65,789.73",No,No,"Tax sale scheduled, Address found, Delinquent taxes",Tax Sale List,TAXSALE-TX-24-00606,https://taxsales.lgbs.com/?cause=TX-24-00606
76,Tax Sale,TAXSALE,,Salas Richard  Jr Est Pf,"731 Bayport Dr., Lancaster, Tx",Lancaster,TX,75134,1333 Johns Ave,Lancaster,TX,75134,60028.3,"$65,000",Yes,"60,028.30",No,No,"Tax sale scheduled, Address found, Delinquent taxes",Tax Sale List,TAXSALE-TX-16-00583,https://taxsales.lgbs.com/?cause=TX-16-00583
76,Tax Sale,TAXSALE,,Dallas City Of,1118 Compton St,Dallas,TX,75203,320 E Jefferson Blvd # 203,Dallas,TX,75203,51907.65,"$52,500",Yes,"51,907.65",No,No,"Tax sale scheduled, Address found, Delinquent taxes",Tax Sale List,TAXSALE-TX-24-01598,https://taxsales.lgbs.com/?cause=TX-24-01598
76,Tax Sale,TAXSALE,,Plano Miller Road Jv 1,10701 Plano Rd,Dallas,TX,75238-1382,10701 Plano Rd,Dallas,TX,75238,66328.95,"$40,340",Yes,"66,328.95",No,No,"Tax sale scheduled, Address found, Delinquent taxes",Tax Sale List,TAXSALE-TX-16-01088,https://taxsales.lgbs.com/?cause=TX-16-01088
76,Tax Sale,TAXSALE,,West Artrallia Allen,1202 S Ewing Ave,Dallas,TX,75216,410 Everest Ct,Cedar Hill,TX,75104,61734.76,"$90,000",Yes,"61,734.76",No,No,"Tax sale scheduled, Address found, Delinquent taxes",Tax Sale List,TAXSALE-TX-17-01162,https://taxsales.lgbs.com/?cause=TX-17-01162
76,Tax Sale,TAXSALE,,Dallas City Of,1526 E Waco Ave,Dallas,TX,75216-1336,320 E Jefferson Blvd #203,Dallas,TX,75203,86425.51,"$81,000",Yes,"86,425.51",No,No,"Tax sale scheduled, Address found, Delinquent taxes",Tax Sale List,TAXSALE-TX-22-00047,https://taxsales.lgbs.com/?cause=TX-22-00047
76,Tax Sale,TAXSALE,,Dallas City Of,1401 Hendricks Ave,Dallas,TX,75216-1307,320 E Jefferson Blvd #203,Dallas,TX,75203,69068.72,"$54,000",Yes,"69,068.72",No,No,"Tax sale scheduled, Address found, Delinquent taxes",Tax Sale List,TAXSALE-TX-23-01115,https://taxsales.lgbs.com/?cause=TX-23-01115
76,Tax Sale,TAXSALE,,Duncanville City Of,125 Brookside Dr,Duncanville,TX,75137,203 E Wheatland Rd,Duncanville,TX,75116,66317.03,"$22,500",Yes,"66,317.03",No,No,"Tax sale scheduled, Address found, Delinquent taxes",Tax Sale List,TAXSALE-TX-19-00896,https://taxsales.lgbs.com/?cause=TX-19-00896
76,Tax Sale,TAXSALE,,Duncanville City Of,124 Brookside Dr,Duncanville,TX,75137,203 E Wheatland Rd,Duncanville,TX,75116,72188.86,"$22,500",Yes,"72,188.86",No,No,"Tax sale scheduled, Address found, Delinquent taxes",Tax Sale List,TAXSALE-TX-19-00896,https://taxsales.lgbs.com/?cause=TX-19-00896
76,Tax Sale,TAXSALE,,Dallas City Of,1637 Marburg St,Dallas,TX,75215-4142,320 E Jefferson Blvd # 203,Dallas,TX,75203,66541.73,"$67,500",Yes,"66,541.73",No,No,"Tax sale scheduled, Address found, Delinquent taxes",Tax Sale List,TAXSALE-TX-19-01565,https://taxsales.lgbs.com/?cause=TX-19-01565
76,Tax Sale,TAXSALE,,Dallas City Of,220 N Shore Dr,Dallas,TX,75216-1030,320 E Jefferson Blvd #203,Dallas,TX,75203,56359.58,"$22,000",Yes,"56,359.58",No,No,"Tax sale scheduled, Address found, Delinquent taxes",Tax Sale List,TAXSALE-TX-23-01479,https://taxsales.lgbs.com/?cause=TX-23-01479
76,Tax Sale,TAXSALE,,Fuller Darius,1331 N Houston School Rd,Lancaster,TX,75146,2513 Copperfield Ln,Lancaster,TX,75146,73203.37,"$43,990",Yes,"73,203.37",No,No,"Tax sale scheduled, Address found, Delinquent taxes",Tax Sale List,TAXSALE-TX-22-01384,https://taxsales.lgbs.com/?cause=TX-22-01384
76,Tax Sale,TAXSALE,,Dallas City Of,2823 Marburg St,Dallas,TX,75215-4322,320 E Jefferson Blvd # 203,Dallas,TX,75203,65066.56,"$144,870",Yes,"65,066.56",No,No,"Tax sale scheduled, Address found, Delinquent taxes",Tax Sale List,TAXSALE-TX-20-00718,https://taxsales.lgbs.com/?cause=TX-20-00718
76,Tax Sale,TAXSALE,,Npot Partners I Lp,211 Terrace Dr,Desoto,TX,75115,1210 Hall Johnson Rd Ste 100,Colleyville,TX,76034,68132.27,"$55,400",Yes,"68,132.27",No,No,"Tax sale scheduled, Address found, Delinquent taxes",Tax Sale List,TAXSALE-TX-22-00396,https://taxsales.lgbs.com/?cause=TX-22-00396
76,Tax Sale,TAXSALE,,Bowman Leon Sr & Shirley,1306 Hudspeth Ave,Dallas,TX,75216-5411,1306 Hudspeth Ave,Dallas,TX,75216,53581.35,,Yes,"53,581.35",No,No,"Tax sale scheduled, Address found, Delinquent taxes",Tax Sale List,TAXSALE-TX-19-00705,https://taxsales.lgbs.com/?cause=TX-19-00705
76,Tax Sale,TAXSALE,,Thornton Jamal,3014 Alabama Ave,Dallas,TX,75216-4206,3014 Alabama Ave,Dallas,TX,75216,65899.81,"$371,770",Yes,"65,899.81",No,No,"Tax sale scheduled, Address found, Delinquent taxes",Tax Sale List,TAXSALE-TX-19-00705,https://taxsales.lgbs.com/?cause=TX-19-00705
76,Tax Sale,TAXSALE,,Levingston Terrance A,2210 56Th St,Dallas,TX,75241-1434,13134 Nile Dr,Dallas,TX,75253,90409.22,"$112,500",Yes,"90,409.22",No,No,"Tax sale scheduled, Address found, Delinquent taxes",Tax Sale List,TAXSALE-TX-23-02029,https://taxsales.lgbs.com/?cause=TX-23-02029
76,Tax Sale,TAXSALE,,Brownfield Jonathan &,6216 Fox Trl,Dallas,TX,75248-4989,6216 Fox Trl,Dallas,TX,75248,79518.67,"$438,040",Yes,"79,518.67",No,No,"Tax sale scheduled, Address found, Delinquent taxes",Tax Sale List,TAXSALE-TX-23-01948,https://taxsales.lgbs.com/?cause=TX-23-01948
76,Tax Sale,TAXSALE,,Dallas City Of,8900 Scyene Rd,Dallas,TX,75227,1500 Marilla St,Dallas,TX,75201,66462.81,$100,Yes,"66,462.81",No,No,"Tax sale scheduled, Address found, Delinquent taxes",Tax Sale List,TAXSALE-TX-23-00413,https://taxsales.lgbs.com/?cause=TX-23-00413
73,Tax Sale,TAXSALE,09/01/2026,,7116 Sparrow Pt,Fort Worth,TX,76133-6732,,,TX,,39595.06,,Yes,"39,595.06",No,No,"Tax sale scheduled, New this week, Address found, Delinquent taxes",Tax Sale List,TAXSALE-096-D37968-23,https://taxsales.lgbs.com/?cause=096-D37968-23
73,Tax Sale,TAXSALE,09/01/2026,,2801 E 1St St,Fort Worth,TX,76111-2251,,,TX,,6652.7,,Yes,"6,652.70",No,No,"Tax sale scheduled, New this week, Address found, Delinquent taxes",Tax Sale List,TAXSALE-153-D38339-23,https://taxsales.lgbs.com/?cause=153-D38339-23
73,Tax Sale,TAXSALE,09/01/2026,,5532 Rickenbacker Pl,Fort Worth,TX,76112-7640,,,TX,,3971.32,,Yes,"3,971.32",No,No,"Tax sale scheduled, New this week, Address found, Delinquent taxes",Tax Sale List,TAXSALE-153-D38339-23,https://taxsales.lgbs.com/?cause=153-D38339-23
73,Tax Sale,TAXSALE,09/01/2026,,5732 Saramac Dr,Watauga,TX,76148-3014,,,TX,,,,Yes,,No,No,"Tax sale scheduled, New this week, Address found, Delinquent taxes",Tax Sale List,TAXSALE-017-D48872-25,https://taxsales.lgbs.com/?cause=017-D48872-25
73,Tax Sale,TAXSALE,09/01/2026,,5212 Carol Ave,Fort Worth,TX,76105-4561,,,TX,,4886.88,,Yes,"4,886.88",No,No,"Tax sale scheduled, New this week, Address found, Delinquent taxes",Tax Sale List,TAXSALE-096-D39513-23,https://taxsales.lgbs.com/?cause=096-D39513-23
73,Tax Sale,TAXSALE,09/01/2026,,12683 Rendon Rd,Burleson,TX,76028,,,TX,,38070.82,,Yes,"38,070.82",No,No,"Tax sale scheduled, New this week, Address found, Delinquent taxes",Tax Sale List,TAXSALE-017-D39552-23,https://taxsales.lgbs.com/?cause=017-D39552-23
73,Tax Sale,TAXSALE,09/01/2026,,4801 Vinetta Dr,Fort Worth,TX,76119-4809,,,TX,,7168.78,,Yes,"7,168.78",No,No,"Tax sale scheduled, New this week, Address found, Delinquent taxes",Tax Sale List,TAXSALE-153-D40401-24,https://taxsales.lgbs.com/?cause=153-D40401-24
73,Tax Sale,TAXSALE,09/01/2026,,3817 Carey St,Fort Worth,TX,76119-7704,,,TX,,4475.37,,Yes,"4,475.37",No,No,"Tax sale scheduled, New this week, Address found, Delinquent taxes",Tax Sale List,TAXSALE-096-D40964-24,https://taxsales.lgbs.com/?cause=096-D40964-24
73,Tax Sale,TAXSALE,09/01/2026,,5154 Wilson Rd,Fort Worth,TX,76140-7600,,,TX,,20424.57,,Yes,"20,424.57",No,No,"Tax sale scheduled, New this week, Address found, Delinquent taxes",Tax Sale List,TAXSALE-342-D41881-24,https://taxsales.lgbs.com/?cause=342-D41881-24
73,Tax Sale,TAXSALE,09/01/2026,,521 Myrtle Dr,Arlington,TX,76018-1601,,,TX,,,,Yes,,No,No,"Tax sale scheduled, New this week, Address found, Delinquent taxes",Tax Sale List,TAXSALE-096-D42946-24,https://taxsales.lgbs.com/?cause=096-D42946-24
73,Tax Sale,TAXSALE,09/01/2026,,1308 Hadley Dr,Arlington,TX,76011-4712,,,TX,,9671.11,,Yes,"9,671.11",No,No,"Tax sale scheduled, New this week, Address found, Delinquent taxes",Tax Sale List,TAXSALE-048-D43525-24,https://taxsales.lgbs.com/?cause=048-D43525-24
73,Tax Sale,TAXSALE,09/01/2026,,4117 Vance Rd,North Richland H,TX,76180-8651,,,TX,,22518.64,,Yes,"22,518.64",No,No,"Tax sale scheduled, New this week, Address found, Delinquent taxes",Tax Sale List,TAXSALE-067-D43635-24,https://taxsales.lgbs.com/?cause=067-D43635-24
73,Tax Sale,TAXSALE,09/01/2026,,5016 Susan Lee Ln,North Richland H,TX,76180-6885,,,TX,,16902.61,,Yes,"16,902.61",No,No,"Tax sale scheduled, New this week, Address found, Delinquent taxes",Tax Sale List,TAXSALE-348-D43761-24,https://taxsales.lgbs.com/?cause=348-D43761-24
73,Tax Sale,TAXSALE,09/01/2026,,5415 Cottey St,Fort Worth,TX,76105,,,TX,,1233.07,,Yes,"1,233.07",No,No,"Tax sale scheduled, New this week, Address found, Delinquent taxes",Tax Sale List,TAXSALE-017-D44679-24,https://taxsales.lgbs.com/?cause=017-D44679-24
73,Tax Sale,TAXSALE,09/01/2026,,5413 Cottey St,Fort Worth,TX,76105,,,TX,,2085.63,,Yes,"2,085.63",No,No,"Tax sale scheduled, New this week, Address found, Delinquent taxes",Tax Sale List,TAXSALE-017-D44679-24,https://taxsales.lgbs.com/?cause=017-D44679-24
73,Tax Sale,TAXSALE,09/01/2026,,3700 Stalcup Rd,Fort Worth,TX,76119,,,TX,,1552.15,,Yes,"1,552.15",No,No,"Tax sale scheduled, New this week, Address found, Delinquent taxes",Tax Sale List,TAXSALE-017-D44679-24,https://taxsales.lgbs.com/?cause=017-D44679-24
73,Tax Sale,TAXSALE,09/01/2026,,1416 Arizona Ave,Fort Worth,TX,76104-5006,,,TX,,8317.49,,Yes,"8,317.49",No,No,"Tax sale scheduled, New this week, Address found, Delinquent taxes",Tax Sale List,TAXSALE-236-D44700-24,https://taxsales.lgbs.com/?cause=236-D44700-24
73,Tax Sale,TAXSALE,09/01/2026,,2325 Clearview Dr,Fort Worth,TX,76119-4505,,,TX,,9398.95,,Yes,"9,398.95",No,No,"Tax sale scheduled, New this week, Address found, Delinquent taxes",Tax Sale List,TAXSALE-096-D44766-24,https://taxsales.lgbs.com/?cause=096-D44766-24
73,Tax Sale,TAXSALE,09/01/2026,,1113 E Harvey Ave,Fort Worth,TX,76104-6565,,,TX,,9085.42,,Yes,"9,085.42",No,No,"Tax sale scheduled, New this week, Address found, Delinquent taxes",Tax Sale List,TAXSALE-017-D44799-24,https://taxsales.lgbs.com/?cause=017-D44799-24
73,Tax Sale,TAXSALE,09/01/2026,,953 Danforth Pl,Arlington,TX,76017-6353,,,TX,,8135.23,,Yes,"8,135.23",No,No,"Tax sale scheduled, New this week, Address found, Delinquent taxes",Tax Sale List,TAXSALE-342-D45687-25,https://taxsales.lgbs.com/?cause=342-D45687-25
73,Tax Sale,TAXSALE,09/01/2026,,213 W Exchange Ave,Fort Worth,TX,76164,,,TX,,17943.41,,Yes,"17,943.41",No,No,"Tax sale scheduled, New this week, Address found, Delinquent taxes",Tax Sale List,TAXSALE-342-D47988-25,https://taxsales.lgbs.com/?cause=342-D47988-25
73,Tax Sale,TAXSALE,09/01/2026,,7728 Liz Ln,Watauga,TX,76148-2436,,,TX,,22700.49,,Yes,"22,700.49",No,No,"Tax sale scheduled, New this week, Address found, Delinquent taxes",Tax Sale List,TAXSALE-342-D48268-25,https://taxsales.lgbs.com/?cause=342-D48268-25
73,Tax Sale,TAXSALE,09/01/2026,,3401 Ada Ave,Fort Worth,TX,76105-3419,,,TX,,6470.76,,Yes,"6,470.76",No,No,"Tax sale scheduled, New this week, Address found, Delinquent taxes",Tax Sale List,TAXSALE-342-D48492-25,https://taxsales.lgbs.com/?cause=342-D48492-25
73,Tax Sale,TAXSALE,09/01/2026,,2940 Dillard St,Fort Worth,TX,76105-4522,,,TX,,15946.6,,Yes,"15,946.60",No,No,"Tax sale scheduled, New this week, Address found, Delinquent taxes",Tax Sale List,TAXSALE-096-D48701-25,https://taxsales.lgbs.com/?cause=096-D48701-25
73,Tax Sale,TAXSALE,09/01/2026,,4500 Hemphill St,Fort Worth,TX,76115-2421,,,TX,,,,Yes,,No,No,"Tax sale scheduled, New this week, Address found, Delinquent taxes",Tax Sale List,TAXSALE-352-D39534-23,https://taxsales.lgbs.com/?cause=352-D39534-23
73,Tax Sale,TAXSALE,09/01/2026,Motley Mrs James A,3928 Atlanta St,Dallas,TX,75215-3842,3926 Atlanta St,Dallas,TX,75215,37460.84,"$72,740",Yes,"37,460.84",No,No,"Tax sale scheduled, New this week, Address found, Delinquent taxes",Tax Sale List,TAXSALE-TX-23-00042,https://taxsales.lgbs.com/?cause=TX-23-00042
73,Tax Sale,TAXSALE,09/01/2026,Selby Marie,8722 Stonehurst St,Dallas,TX,75217-2255,8722 Stonehurst St,Dallas,TX,75217,45232.65,"$195,910",Yes,"45,232.65",No,No,"Tax sale scheduled, New this week, Address found, Delinquent taxes",Tax Sale List,TAXSALE-TX-24-01032,https://taxsales.lgbs.com/?cause=TX-24-01032
73,Tax Sale,TAXSALE,09/01/2026,Peacock Maxine,1616 E Louisiana Ave,Dallas,TX,75203,6009 Del Norte Ln,Dallas,TX,75225,31031.84,"$70,000",Yes,"31,031.84",No,No,"Tax sale scheduled, New this week, Address found, Delinquent taxes",Tax Sale List,TAXSALE-TX-22-01626,https://taxsales.lgbs.com/?cause=TX-22-01626
73,Tax Sale,TAXSALE,09/01/2026,Hernandez Jose M,2703 Santa Cruz Dr,Dallas,TX,75227,2703 Santa Cruz Dr,Dallas,TX,75227,19461.62,"$15,000",Yes,"19,461.62",No,No,"Tax sale scheduled, New this week, Address found, Delinquent taxes",Tax Sale List,TAXSALE-TX-22-01499,https://taxsales.lgbs.com/?cause=TX-22-01499
73,Tax Sale,TAXSALE,09/01/2026,Vasquez Jessica,2221 Bergstrom Dr,Dallas,TX,75227-8710,2221 Bergstrom Dr,Dallas,TX,75227,27325.69,"$243,850",Yes,"27,325.69",No,No,"Tax sale scheduled, New this week, Address found, Delinquent taxes",Tax Sale List,TAXSALE-TX-24-00748,https://taxsales.lgbs.com/?cause=TX-24-00748
73,Tax Sale,TAXSALE,09/01/2026,King Freddie,8327 Honeysuckle Ln,Dallas,TX,75241-6826,10455 N Central Expy Ste 109,Dallas,TX,75231,28717.81,"$50,000",Yes,"28,717.81",No,No,"Tax sale scheduled, New this week, Address found, Delinquent taxes",Tax Sale List,TAXSALE-TX-22-00212,https://taxsales.lgbs.com/?cause=TX-22-00212
73,Tax Sale,TAXSALE,09/01/2026,Nathan Loutishia Mrs,"3903 Elsie Faye Heggins St., Dallas, Tx",Dallas,TX,75210-2816,3903 Elsie Faye Heggins St,Dallas,TX,75210,28729.04,"$153,220",Yes,"28,729.04",No,No,"Tax sale scheduled, New this week, Address found, Delinquent taxes",Tax Sale List,TAXSALE-TX-23-02084,https://taxsales.lgbs.com/?cause=TX-23-02084
73,Tax Sale,TAXSALE,09/01/2026,Cuevas Luz Elena,1818 Somerset Ave,Dallas,TX,75203-4234,1818 Somerset Ave,Dallas,TX,75203,17203.78,"$209,790",Yes,"17,203.78",No,No,"Tax sale scheduled, New this week, Address found, Delinquent taxes",Tax Sale List,TAXSALE-TX-24-00640,https://taxsales.lgbs.com/?cause=TX-24-00640
73,Tax Sale,TAXSALE,09/01/2026,Green Thelma Est Of,4840 Bismark Dr,Dallas,TX,75216-7713,4840 Bismark Dr,Dallas,TX,75216,40715.07,,Yes,"40,715.07",No,No,"Tax sale scheduled, New this week, Address found, Delinquent taxes",Tax Sale List,TAXSALE-TX-24-01848,https://taxsales.lgbs.com/?cause=TX-24-01848
73,Tax Sale,TAXSALE,09/01/2026,Frazier Doris Est Of,6622 S Lancaster Rd,Dallas,TX,75241,Invalid Address,Dallas,TX,75241,10062.57,"$21,000",Yes,"10,062.57",No,No,"Tax sale scheduled, New this week, Address found, Delinquent taxes",Tax Sale List,TAXSALE-TX-22-01297,https://taxsales.lgbs.com/?cause=TX-22-01297
73,Tax Sale,TAXSALE,09/01/2026,Thornton Johnnie Stencer Est Of,2223 Rockefeller Blvd,Dallas,TX,75203-2035,2223 Rockefeller Blvd,Dallas,TX,75203,35403.72,"$165,110",Yes,"35,403.72",No,No,"Tax sale scheduled, New this week, Address found, Delinquent taxes",Tax Sale List,TAXSALE-TX-23-01207,https://taxsales.lgbs.com/?cause=TX-23-01207
73,Tax Sale,TAXSALE,09/01/2026,Dawkins James L,6431 Everglade Rd,Dallas,TX,75227,6427 Everglade Rd,Dallas,TX,75227,16912.62,"$70,000",Yes,"16,912.62",No,No,"Tax sale scheduled, New this week, Address found, Delinquent taxes",Tax Sale List,TAXSALE-TX-25-01403,https://taxsales.lgbs.com/?cause=TX-25-01403
73,Tax Sale,TAXSALE,09/01/2026,Dawkins Jim,6423 Everglade Rd,Dallas,TX,75227,6427 Everglade Rd,Dallas,TX,75227,15068.87,"$70,000",Yes,"15,068.87",No,No,"Tax sale scheduled, New this week, Address found, Delinquent taxes",Tax Sale List,TAXSALE-TX-25-01403,https://taxsales.lgbs.com/?cause=TX-25-01403
73,Tax Sale,TAXSALE,09/01/2026,Mendoza Samuel Jr,2306 Frank Henderson Jr Dr,Dallas,TX,75216-6464,2306 Frank Henderson Jr Dr,Dallas,TX,75216,,"$176,060",Yes,,No,No,"Tax sale scheduled, New this week, Address found, Delinquent taxes",Tax Sale List,TAXSALE-TX-24-01608,https://taxsales.lgbs.com/?cause=TX-24-01608
73,Tax Sale,TAXSALE,09/01/2026,Edloe Virginia Mauldin Phillips,2704 Hector St,Dallas,TX,75210-2044,6624 Braddock Pl,Dallas,TX,75232,12832.12,"$63,280",Yes,"12,832.12",No,No,"Tax sale scheduled, New this week, Address found, Delinquent taxes",Tax Sale List,TAXSALE-TX-25-01558,https://taxsales.lgbs.com/?cause=TX-25-01558
73,Tax Sale,TAXSALE,09/01/2026,Sherman Thomas E,2509 Birmingham Ave,Dallas,TX,75215-2962,8623 Eustis Ave,Dallas,TX,75218,14498.71,"$282,630",Yes,"14,498.71",No,No,"Tax sale scheduled, New this week, Address found, Delinquent taxes",Tax Sale List,TAXSALE-TX-24-02049,https://taxsales.lgbs.com/?cause=TX-24-02049
73,Tax Sale,TAXSALE,,Impression Homes Llc,Mineral Wells,Terrell,TX,75160,2325 Dean Way Suite 110,Southlake,TX,76092,5660.0,"$56,000",Yes,"5,660.00",No,No,"Tax sale scheduled, Address found, LLC / corp owner, Delinquent taxes",Tax Sale List,TAXSALE-96567-422,https://taxsales.lgbs.com/?cause=96567-422
73,Tax Sale,TAXSALE,,Cs85 Properties Llc,3433 Silverhill Dr,Dallas,TX,75241-5949,602 W Gilmer St,Ennis,TX,75119,40501.75,"$184,880",Yes,"40,501.75",No,No,"Tax sale scheduled, Address found, LLC / corp owner, Delinquent taxes",Tax Sale List,TAXSALE-TX-22-00258,https://taxsales.lgbs.com/?cause=TX-22-00258
73,Tax Sale,TAXSALE,,Electra & Associates Llc,2722 Elsie Faye Heggins St,Dallas,TX,75215-4701,3346 Galahad Dr,Dallas,TX,75229,28764.09,"$144,890",Yes,"28,764.09",No,No,"Tax sale scheduled, Address found, LLC / corp owner, Delinquent taxes",Tax Sale List,TAXSALE-TX-23-00041,https://taxsales.lgbs.com/?cause=TX-23-00041
73,Tax Sale,TAXSALE,,4445 W Ledbetter Llc,4445 W Ledbetter Dr,Dallas,TX,75236-1609,116 Country Ridge Ct,Red Oak,TX,75154,,"$2,700,000",Yes,,No,No,"Tax sale scheduled, Address found, LLC / corp owner, Delinquent taxes",Tax Sale List,TAXSALE-TX-18-01954,https://taxsales.lgbs.com/?cause=TX-18-01954
73,Tax Sale,TAXSALE,,Ruby Cecil Co Inc,1105 Lyle St,Lancaster,TX,75134,Po Box 780,Buda,TX,78610,,"$50,000",Yes,,No,No,"Tax sale scheduled, Address found, LLC / corp owner, Delinquent taxes",Tax Sale List,TAXSALE-TX-18-01555,https://taxsales.lgbs.com/?cause=TX-18-01555
73,Tax Sale,TAXSALE,,Frazier Revitalization Inc,4401 Scyene Rd,Dallas,TX,75210,4716 Elsie Faye Heggins St,Dallas,TX,75210,8311.69,"$55,810",Yes,"8,311.69",No,No,"Tax sale scheduled, Address found, LLC / corp owner, Delinquent taxes",Tax Sale List,TAXSALE-TX-23-00057,https://taxsales.lgbs.com/?cause=TX-23-00057
73,Tax Sale,TAXSALE,,Smith Bayard M Estate,9566 Ash Creek Dr,Dallas,TX,75228,Unknown,Dallas,TX,75228,17662.06,"$10,450",Yes,"17,662.06",No,No,"Tax sale scheduled, Address found, LLC / corp owner, Delinquent taxes",Tax Sale List,TAXSALE-TX-22-01685,https://taxsales.lgbs.com/?cause=TX-22-01685
73,Tax Sale,TAXSALE,,Tivoli Realty Inc,3415 Kings Rd,Dallas,TX,75219,12400 Coit Rd Ste 1000 C/O Philip Vogel & Co,Dallas,TX,75251,9073.1,"$27,450",Yes,"9,073.10",No,No,"Tax sale scheduled, Address found, LLC / corp owner, Delinquent taxes",Tax Sale List,TAXSALE-TX-21-01071,https://taxsales.lgbs.com/?cause=TX-21-01071
73,Tax Sale,TAXSALE,,Even Odds Llc,5130 Echo Ave,Dallas,TX,75215-5047,4241 Cardinal Dr,Dallas,TX,75216,,"$49,350",Yes,,No,No,"Tax sale scheduled, Address found, LLC / corp owner, Delinquent taxes",Tax Sale List,TAXSALE-TX-19-01462,https://taxsales.lgbs.com/?cause=TX-19-01462
73,Tax Sale,TAXSALE,,Cross Roads 5810 Inc,302 16Th St W,Irving,TX,75060-5957,610 Uptown Blvd Ste 200,Cedar Hill,TX,75104,,"$257,840",Yes,,No,No,"Tax sale scheduled, Address found, LLC / corp owner, Delinquent taxes",Tax Sale List,TAXSALE-TX-16-01146,https://taxsales.lgbs.com/?cause=TX-16-01146
73,Tax Sale,TAXSALE,,Americana Group Of Companies Inc,1 Falcon Drive,Desoto,TX,75115,1666 N Hampton Rd,Desoto,TX,75115,10760.0,"$10,760",Yes,"10,760.00",No,No,"Tax sale scheduled, Address found, LLC / corp owner, Delinquent taxes",Tax Sale List,TAXSALE-TX-22-01380,https://taxsales.lgbs.com/?cause=TX-22-01380
73,Tax Sale,TAXSALE,,Holman Amy L Estate Of,2433 Stovall Dr,Dallas,TX,75216-4626,2433 Stovall Dr,Dallas,TX,75216,43407.97,"$60,000",Yes,"43,407.97",No,No,"Tax sale scheduled, Address found, LLC / corp owner, Delinquent taxes",Tax Sale List,TAXSALE-TX-21-00315,https://taxsales.lgbs.com/?cause=TX-21-00315
73,Tax Sale,TAXSALE,,Burke Nona T Estate,2753 Prosperity Ave,Dallas,TX,75216,Po Box 20792 C/O  Mary Jo Steele,Dallas,TX,75220,24622.87,"$49,000",Yes,"24,622.87",No,No,"Tax sale scheduled, Address found, LLC / corp owner, Delinquent taxes",Tax Sale List,TAXSALE-TX-19-02007,https://taxsales.lgbs.com/?cause=TX-19-02007
73,Tax Sale,TAXSALE,,Bankers Trust Company,2758 Locust Ave,Dallas,TX,75216-6540,Po Box 41324,Dallas,TX,75241,,"$152,720",Yes,,No,No,"Tax sale scheduled, Address found, LLC / corp owner, Delinquent taxes",Tax Sale List,TAXSALE-TX-17-00409,https://taxsales.lgbs.com/?cause=TX-17-00409
73,Tax Sale,TAXSALE,,Second Avenue Holdings Llc,3500 Claypool Rd,Dallas,TX,75227,Po Box 361001,Dallas,TX,75336,30637.36,"$11,200",Yes,"30,637.36",No,No,"Tax sale scheduled, Address found, LLC / corp owner, Delinquent taxes",Tax Sale List,TAXSALE-TX-22-00854,https://taxsales.lgbs.com/?cause=TX-22-00854
73,Tax Sale,TAXSALE,,Salubrity Hub Inc,4624 Baldwin St,Dallas,TX,75210,400 N Saint Paul St Ste 710,Dallas,TX,75201,19241.6,"$43,960",Yes,"19,241.60",No,No,"Tax sale scheduled, Address found, LLC / corp owner, Delinquent taxes",Tax Sale List,TAXSALE-TX-22-01629,https://taxsales.lgbs.com/?cause=TX-22-01629
73,Tax Sale,TAXSALE,,Ortex Homes Llc &,2555 Hooper St,Dallas,TX,75215,907 N Cockrell Hill Rd,Desoto,TX,75115,,"$46,420",Yes,,No,No,"Tax sale scheduled, Address found, LLC / corp owner, Delinquent taxes",Tax Sale List,TAXSALE-05-50017-T-F,https://taxsales.lgbs.com/?cause=05-50017-T-F
73,Tax Sale,TAXSALE,,Bdtm Properties Llc,2224 Stoneman St,Dallas,TX,75215-4127,8931 White Pine Ln,Dallas,TX,75238,,"$197,080",Yes,,No,No,"Tax sale scheduled, Address found, LLC / corp owner, Delinquent taxes",Tax Sale List,TAXSALE-TX-17-01475,https://taxsales.lgbs.com/?cause=TX-17-01475
73,Tax Sale,TAXSALE,,Traxion Holdings Llc,2623 Southland St,Dallas,TX,75215-4260,3200 W Pleasant Run Rd,Lancaster,TX,75146,,"$64,860",Yes,,No,No,"Tax sale scheduled, Address found, LLC / corp owner, Delinquent taxes",Tax Sale List,TAXSALE-TX-14-40529,https://taxsales.lgbs.com/?cause=TX-14-40529
73,Tax Sale,TAXSALE,,Tricity Health Centre Inc,7339 Scyene Rd,Dallas,TX,75227,7525 Scyene Rd,Dallas,TX,75227,43141.62,"$75,000",Yes,"43,141.62",No,No,"Tax sale scheduled, Address found, LLC / corp owner, Delinquent taxes",Tax Sale List,TAXSALE-TX-23-00299,https://taxsales.lgbs.com/?cause=TX-23-00299
73,Tax Sale,TAXSALE,,D Realty Investments Inc,8617 Honeysuckle Ln,Dallas,TX,75241-6832,Po Box 541743,Dallas,TX,75354,,,Yes,,No,No,"Tax sale scheduled, Address found, LLC / corp owner, Delinquent taxes",Tax Sale List,TAXSALE-TX-19-00149,https://taxsales.lgbs.com/?cause=TX-19-00149
73,Tax Sale,TAXSALE,,Phillip Concrete Llc,2907 S Denley Dr,Dallas,TX,75216-4413,4146 Hammerly Dr,Dallas,TX,75212,,"$382,610",Yes,,No,No,"Tax sale scheduled, Address found, LLC / corp owner, Delinquent taxes",Tax Sale List,TAXSALE-TX-13-50007,https://taxsales.lgbs.com/?cause=TX-13-50007
73,Tax Sale,TAXSALE,,M V A Inc,1001 S Walton Walker Blvd,Dallas,TX,75211,3100 Carlisle St Ste 125 C/O  Larry Pelt,Dallas,TX,75204,5230.0,"$8,210",Yes,"5,230.00",No,No,"Tax sale scheduled, Address found, LLC / corp owner, Delinquent taxes",Tax Sale List,TAXSALE-TX-23-01376,https://taxsales.lgbs.com/?cause=TX-23-01376
73,Tax Sale,TAXSALE,,Vista Real Lots Llc,5300 Keenland Pkwy,Dallas,TX,75211,3818 Gaspar Dr,Dallas,TX,75220,17599.13,"$14,870",Yes,"17,599.13",No,No,"Tax sale scheduled, Address found, LLC / corp owner, Delinquent taxes",Tax Sale List,TAXSALE-TX-22-00148,https://taxsales.lgbs.com/?cause=TX-22-00148
73,Tax Sale,TAXSALE,,Vista Real Lots Llc,5300 Keenland Pkwy,Dallas,TX,75211,3818 Gaspar Dr,Dallas,TX,75220,10679.34,"$14,870",Yes,"10,679.34",No,No,"Tax sale scheduled, Address found, LLC / corp owner, Delinquent taxes",Tax Sale List,TAXSALE-TX-22-00148,https://taxsales.lgbs.com/?cause=TX-22-00148
73,Tax Sale,TAXSALE,,Water Service Inc,1403 Hutchins Ave,Dallas,TX,75203,1403 Hutchins Ave C/O  A B Mckinney,Dallas,TX,75203,14974.89,"$14,250",Yes,"14,974.89",No,No,"Tax sale scheduled, Address found, LLC / corp owner, Delinquent taxes",Tax Sale List,TAXSALE-TX-22-00453,https://taxsales.lgbs.com/?cause=TX-22-00453
73,Tax Sale,TAXSALE,,Moy Construction Inc,508 N Moore St,Dallas,TX,75203,Po Box 171360,Dallas,TX,75217,,"$80,750",Yes,,No,No,"Tax sale scheduled, Address found, LLC / corp owner, Delinquent taxes",Tax Sale List,TAXSALE-TX-20-01111,https://taxsales.lgbs.com/?cause=TX-20-01111
73,Tax Sale,TAXSALE,,Lifetime Communities Inc,2874 Westridge Ave,Carrollton,TX,75006,12840 Hillcrest Rd,Dallas,TX,75230,100.0,$100,Yes,100.00,No,No,"Tax sale scheduled, Address found, LLC / corp owner, Delinquent taxes",Tax Sale List,TAXSALE-TX-19-00619,https://taxsales.lgbs.com/?cause=TX-19-00619
73,Tax Sale,TAXSALE,,Brannon Florence A Estate,5121 Woodsboro Dr,Balch Springs,TX,75180,Unknown,Balch Springs,TX,75180,11500.0,"$66,000",Yes,"11,500.00",No,No,"Tax sale scheduled, Address found, LLC / corp owner, Delinquent taxes",Tax Sale List,TAXSALE-TX-19-00144,https://taxsales.lgbs.com/?cause=TX-19-00144
73,Tax Sale,TAXSALE,,Indigo Builders Inc,4231 Rosehill Rd,Garland,TX,75043,8585 N Stemmons Fwy,Dallas,TX,75247,7200.73,"$131,880",Yes,"7,200.73",No,No,"Tax sale scheduled, Address found, LLC / corp owner, Delinquent taxes",Tax Sale List,TAXSALE-TX-14-30625,https://taxsales.lgbs.com/?cause=TX-14-30625
73,Tax Sale,TAXSALE,,Mccain H O Estate Of,1044 Bradfield Rd,Dallas,TX,75217,11305 Indian Trl C/O  Charlie Hall,Dallas,TX,75229,,"$64,000",Yes,,No,No,"Tax sale scheduled, Address found, LLC / corp owner, Delinquent taxes",Tax Sale List,TAXSALE-TX-22-00347,https://taxsales.lgbs.com/?cause=TX-22-00347
73,Tax Sale,TAXSALE,,A Better Place Llc,2818 Cleveland St,Dallas,TX,75215,3008 Canton Street,Dallas,TX,75226,,"$140,630",Yes,,No,No,"Tax sale scheduled, Address found, LLC / corp owner, Delinquent taxes",Tax Sale List,TAXSALE-TX-13-50051,https://taxsales.lgbs.com/?cause=TX-13-50051
73,Tax Sale,TAXSALE,,A Better Place Llc,2820 Holmes St,Dallas,TX,75215,3008 Canton Street,Dallas,TX,75226,,"$112,880",Yes,,No,No,"Tax sale scheduled, Address found, LLC / corp owner, Delinquent taxes",Tax Sale List,TAXSALE-TX-12-50229,https://taxsales.lgbs.com/?cause=TX-12-50229
73,Tax Sale,TAXSALE,,Metro Builders Llc,813 Donlee Rd,Lancaster,TX,75134,1011 State Highway 205,Terrell,TX,75160,,,Yes,,No,No,"Tax sale scheduled, Address found, LLC / corp owner, Delinquent taxes",Tax Sale List,TAXSALE-TX-15-00704,https://taxsales.lgbs.com/?cause=TX-15-00704
73,Tax Sale,TAXSALE,,Addison Ronald A Estate Of,1800 Riverway Ln,Lancaster,TX,75146,3034 Steven St,Irving,TX,75062,,"$48,000",Yes,,No,No,"Tax sale scheduled, Address found, LLC / corp owner, Delinquent taxes",Tax Sale List,TAXSALE-TX-21-00733,https://taxsales.lgbs.com/?cause=TX-21-00733
73,Tax Sale,TAXSALE,,Greene Cecil J Estate Of,2906 Henry Rd,Lancaster,TX,75134,6700 Olivewood Dr C/O Eddie W Greene,Arlington,TX,76001,,"$65,000",Yes,,No,No,"Tax sale scheduled, Address found, LLC / corp owner, Delinquent taxes",Tax Sale List,TAXSALE-TX-18-00591,https://taxsales.lgbs.com/?cause=TX-18-00591
73,Tax Sale,TAXSALE,,Hilton Head Finance Llc,5014 Ash Ln,Dallas,TX,75223-2002,5014 Ash Ln,Dallas,TX,75223,,"$277,440",Yes,,No,No,"Tax sale scheduled, Address found, LLC / corp owner, Delinquent taxes",Tax Sale List,TAXSALE-TX-22-00226,https://taxsales.lgbs.com/?cause=TX-22-00226
73,Tax Sale,TAXSALE,,Jobinan Enterprises Inc,5119 Philip Ave,Dallas,TX,75223,4929 Reiger Ave Apt 203 C/O  Joanne Obrien,Dallas,TX,75214,9598.73,"$53,370",Yes,"9,598.73",No,No,"Tax sale scheduled, Address found, LLC / corp owner, Delinquent taxes",Tax Sale List,TAXSALE-TX-06-50068,https://taxsales.lgbs.com/?cause=TX-06-50068
73,Tax Sale,TAXSALE,,Dudley Karen Ministries Inc,10438 Newcombe Dr,Dallas,TX,75228,2706 S 2Nd Ave,Dallas,TX,75210,6401.3,"$15,000",Yes,"6,401.30",No,No,"Tax sale scheduled, Address found, LLC / corp owner, Delinquent taxes",Tax Sale List,TAXSALE-TX-15-00937,https://taxsales.lgbs.com/?cause=TX-15-00937
73,Tax Sale,TAXSALE,,Alwanda Corp,8820 Files St,Dallas,TX,75217,Po Box 863071,Plano,TX,75086,15120.73,"$37,500",Yes,"15,120.73",No,No,"Tax sale scheduled, Address found, LLC / corp owner, Delinquent taxes",Tax Sale List,TAXSALE-TX-22-01874,https://taxsales.lgbs.com/?cause=TX-22-01874
73,Tax Sale,TAXSALE,,Mcgaffey A C Estate Of,3315 Beckett Cir,Seagoville,TX,75159-3901,3315 Beckett Cir,Seagoville,TX,75159,14272.54,"$15,520",Yes,"14,272.54",No,No,"Tax sale scheduled, Address found, LLC / corp owner, Delinquent taxes",Tax Sale List,TAXSALE-TX-22-00594,https://taxsales.lgbs.com/?cause=TX-22-00594
73,Tax Sale,TAXSALE,,Martin Ingram Enterprises Inc,790 S I 35 E,Lancaster,TX,75146-3306,908 S Buckner Blvd,Dallas,TX,75217,,"$5,000",Yes,,No,No,"Tax sale scheduled, Address found, LLC / corp owner, Delinquent taxes",Tax Sale List,TAXSALE-TX-15-02018,https://taxsales.lgbs.com/?cause=TX-15-02018
73,Tax Sale,TAXSALE,,Woodhaven Homes Ltd,100 Brookside Dr,Duncanville,TX,75137,1525 N Interstate 35E Ste 220,Carrollton,TX,75006,31370.93,"$35,000",Yes,"31,370.93",No,No,"Tax sale scheduled, Address found, LLC / corp owner, Delinquent taxes",Tax Sale List,TAXSALE-TX-22-00484,https://taxsales.lgbs.com/?cause=TX-22-00484
73,Tax Sale,TAXSALE,,Moonrock Properties Llc,2816 Lineville Dr,Farmers Branch,TX,75234-6305,4001 N Josey Ln Ste 200,Carrollton,TX,75007,,"$121,000",Yes,,No,No,"Tax sale scheduled, Address found, LLC / corp owner, Delinquent taxes",Tax Sale List,TAXSALE-TX-16-00101,https://taxsales.lgbs.com/?cause=TX-16-00101
73,Tax Sale,TAXSALE,,At Manahan Enterprises Ltd,1400 Oak Ridge Dr,Duncanville,TX,75137,2522 Knightsbridge St,Grand Prairie,TX,75050,34068.41,"$61,750",Yes,"34,068.41",No,No,"Tax sale scheduled, Address found, LLC / corp owner, Delinquent taxes",Tax Sale List,TAXSALE-TX-23-01282,https://taxsales.lgbs.com/?cause=TX-23-01282
73,Tax Sale,TAXSALE,,Valley Ranch Dev Co Ltd,725 Ranchview Dr.,Irving,TX,75063,14860 Montfort Dr Ste 205,Dallas,TX,75254,17600.0,"$17,600",Yes,"17,600.00",No,No,"Tax sale scheduled, Address found, LLC / corp owner, Delinquent taxes",Tax Sale List,TAXSALE-TX-24-00404,https://taxsales.lgbs.com/?cause=TX-24-00404
73,Tax Sale,TAXSALE,,Blue Stairs Llc,1001 Crestwood Ct,Desoto,TX,75115,17815 Kings Park Ln Apt 403,Houston,TX,77058,27644.82,"$75,000",Yes,"27,644.82",No,No,"Tax sale scheduled, Address found, LLC / corp owner, Delinquent taxes",Tax Sale List,TAXSALE-TX-22-00938,https://taxsales.lgbs.com/?cause=TX-22-00938
73,Tax Sale,TAXSALE,,Camino Nuevo Llc,1957 Chiesa Rd,Rowlett,TX,75088,Po Box 6296,San Antonio,TX,78209,39286.09,"$173,440",Yes,"39,286.09",No,No,"Tax sale scheduled, Address found, LLC / corp owner, Delinquent taxes",Tax Sale List,TAXSALE-TX-15-00714,https://taxsales.lgbs.com/?cause=TX-15-00714
73,Tax Sale,TAXSALE,,Camino Nuevo Llc,1957 Chiesa Rd,Rowlett,TX,75088,Po Box 6296,San Antonio,TX,78209,13198.47,"$173,440",Yes,"13,198.47",No,No,"Tax sale scheduled, Address found, LLC / corp owner, Delinquent taxes",Tax Sale List,TAXSALE-TX-14-30660,https://taxsales.lgbs.com/?cause=TX-14-30660
73,Tax Sale,TAXSALE,,Usa Developers Llc,413 Cascada Dr,Richardson,TX,75081-5191,Po Box 830183,Richardson,TX,75083,,$100,Yes,,No,No,"Tax sale scheduled, Address found, LLC / corp owner, Delinquent taxes",Tax Sale List,TAXSALE-TX-17-00837,https://taxsales.lgbs.com/?cause=TX-17-00837
73,Tax Sale,TAXSALE,,Usa Develpers Llc,832 Samia Ln,Richardson,TX,75081-5192,Po Box 830183,Richardson,TX,75083,,$100,Yes,,No,No,"Tax sale scheduled, Address found, LLC / corp owner, Delinquent taxes",Tax Sale List,TAXSALE-TX-17-00837,https://taxsales.lgbs.com/?cause=TX-17-00837
73,Tax Sale,TAXSALE,,Usa Developers Llc,799 Lotus Dr Cr,Dallas,TX,,Po Box 830183,Richardson,TX,75083,,$100,Yes,,No,No,"Tax sale scheduled, Address found, LLC / corp owner, Delinquent taxes",Tax Sale List,TAXSALE-TX-17-00837,https://taxsales.lgbs.com/?cause=TX-17-00837
73,Tax Sale,TAXSALE,,Usa Developers Llc,920 Whitehall Dr,Richardson,TX,750810105,Po Box 830183,Richardson,TX,75083,17623.54,$100,Yes,"17,623.54",No,No,"Tax sale scheduled, Address found, LLC / corp owner, Delinquent taxes",Tax Sale List,TAXSALE-TX-20-00772,https://taxsales.lgbs.com/?cause=TX-20-00772
73,Tax Sale,TAXSALE,,Matson Trust,2212 W Main St,Lancaster,TX,75146,113 Swift Current Rd,West Lake Hills,TX,78746,43287.64,"$93,380",Yes,"43,287.64",No,No,"Tax sale scheduled, Address found, LLC / corp owner, Delinquent taxes",Tax Sale List,TAXSALE-TX-20-00856,https://taxsales.lgbs.com/?cause=TX-20-00856
73,Tax Sale,TAXSALE,,Barranco Properties Llc,3500 Telephone Rd.,Dallas,TX,,13491 S Unitec Dr,Laredo,TX,78045,,"$857,390",Yes,,No,No,"Tax sale scheduled, Address found, LLC / corp owner, Delinquent taxes",Tax Sale List,TAXSALE-TX-13-30106,https://taxsales.lgbs.com/?cause=TX-13-30106
73,Tax Sale,TAXSALE,,Only Sun Music Group Llc,3804 Spring Ave,Dallas,TX,75210,2735 Frazier St,Dallas,TX,75210,29992.98,"$20,410",Yes,"29,992.98",No,No,"Tax sale scheduled, Address found, LLC / corp owner, Delinquent taxes",Tax Sale List,TAXSALE-TX-21-00262,https://taxsales.lgbs.com/?cause=TX-21-00262
73,Tax Sale,TAXSALE,,Oasis Luxury Properties Llc,1634 Marfa Ave,Dallas,TX,75216,2435 N Central Expy Ste 1200,Richardson,TX,75080,,"$256,540",Yes,,No,No,"Tax sale scheduled, Address found, LLC / corp owner, Delinquent taxes",Tax Sale List,TAXSALE-TX-10-50029,https://taxsales.lgbs.com/?cause=TX-10-50029
73,Tax Sale,TAXSALE,,Bright Woodland Llc,2132 Camden Dr,Garland,TX,75041-1645,661 Clearwater Dr,Irving,TX,75039,,"$243,050",Yes,,No,No,"Tax sale scheduled, Address found, LLC / corp owner, Delinquent taxes",Tax Sale List,TAXSALE-TX-17-01348,https://taxsales.lgbs.com/?cause=TX-17-01348
73,Tax Sale,TAXSALE,,Tier 1 Real Estate Llc,2946 Benrock St,Dallas,TX,75241,9800 Spectrum Dr,Austin,TX,78717,19706.37,"$38,500",Yes,"19,706.37",No,No,"Tax sale scheduled, Address found, LLC / corp owner, Delinquent taxes",Tax Sale List,TAXSALE-TX-25-01450,https://taxsales.lgbs.com/?cause=TX-25-01450
73,Tax Sale,TAXSALE,,Residential Develop Corp,2741 Prosperity Ave,Dallas,TX,75216,2741 Prosperity Ave,Dallas,TX,75216,11139.72,"$70,000",Yes,"11,139.72",No,No,"Tax sale scheduled, Address found, LLC / corp owner, Delinquent taxes",Tax Sale List,TAXSALE-TX-22-01422,https://taxsales.lgbs.com/?cause=TX-22-01422
73,Tax Sale,TAXSALE,,Devence Alla B Estate,4007 Canal St,Dallas,TX,75210-2033,4007 Canal St,Dallas,TX,75210,19496.11,"$71,490",Yes,"19,496.11",No,No,"Tax sale scheduled, Address found, LLC / corp owner, Delinquent taxes",Tax Sale List,TAXSALE-TX-13-50021,https://taxsales.lgbs.com/?cause=TX-13-50021
73,Tax Sale,TAXSALE,,Quest Trust Company,1506 Morris St,Dallas,TX,75212-2644,17171 Park Row Ste 100,Houston,TX,77084,,,Yes,,No,No,"Tax sale scheduled, Address found, LLC / corp owner, Delinquent taxes",Tax Sale List,TAXSALE-TX-12-50188,https://taxsales.lgbs.com/?cause=TX-12-50188
73,Tax Sale,TAXSALE,,Tl & G Real Estate Llc,5129 S Denley Dr,Dallas,TX,75241-1320,10601 Clarence Dr Ste 250,Frisco,TX,75033,15271.78,"$210,000",Yes,"15,271.78",No,No,"Tax sale scheduled, Address found, LLC / corp owner, Delinquent taxes",Tax Sale List,TAXSALE-TX-24-01803,https://taxsales.lgbs.com/?cause=TX-24-01803
73,Tax Sale,TAXSALE,,Salubrity Hub Inc,3527 Sidney St,Dallas,TX,75210,400 N Saint Paul St Ste 710,Dallas,TX,75201,23781.16,"$35,420",Yes,"23,781.16",No,No,"Tax sale scheduled, Address found, LLC / corp owner, Delinquent taxes",Tax Sale List,TAXSALE-TX-19-02149,https://taxsales.lgbs.com/?cause=TX-19-02149
73,Tax Sale,TAXSALE,,Steward Eddie Estate Of,1422 Fernwood Ave,Dallas,TX,75216-1547,1422 Fernwood Ave,Dallas,TX,75216,44887.74,"$168,310",Yes,"44,887.74",No,No,"Tax sale scheduled, Address found, LLC / corp owner, Delinquent taxes",Tax Sale List,TAXSALE-TX-23-00196,https://taxsales.lgbs.com/?cause=TX-23-00196
73,Tax Sale,TAXSALE,,Buchanan Willie Mae Estate Of,4144 Tram Dr,Dallas,TX,75212-1138,4144 Tram Dr,Dallas,TX,75212,,"$216,810",Yes,,No,No,"Tax sale scheduled, Address found, LLC / corp owner, Delinquent taxes",Tax Sale List,TAXSALE-TX-18-00165,https://taxsales.lgbs.com/?cause=TX-18-00165
73,Tax Sale,TAXSALE,,Eamello Linda Molina Estate Of,1300 Copper Meadow Dr,Mesquite,TX,75149-6895,1300 Copper Meadow Dr,Mesquite,TX,75149,,"$215,950",Yes,,No,No,"Tax sale scheduled, Address found, LLC / corp owner, Delinquent taxes",Tax Sale List,TAXSALE-TX-17-01448,https://taxsales.lgbs.com/?cause=TX-17-01448
73,Tax Sale,TAXSALE,,Product Recovery Svc Corp,6532 No Name St,Dallas,TX,75241,1003 Wirt Rd Ste 303 C/O  Raymond S Wilson,Houston,TX,77055,21805.95,"$39,900",Yes,"21,805.95",No,No,"Tax sale scheduled, Address found, LLC / corp owner, Delinquent taxes",Tax Sale List,TAXSALE-TX-23-00883,https://taxsales.lgbs.com/?cause=TX-23-00883
73,Tax Sale,TAXSALE,,Chestnut Hill Holdings Llc,3126 Gregg Ln,Dallas,TX,75241,1922 S Akard St,Dallas,TX,75215,26367.06,"$42,000",Yes,"26,367.06",No,No,"Tax sale scheduled, Address found, LLC / corp owner, Delinquent taxes",Tax Sale List,TAXSALE-TX-19-01495,https://taxsales.lgbs.com/?cause=TX-19-01495
73,Tax Sale,TAXSALE,,Pristine Development Invt Llc,9999 Johnson Ln,Dallas,TX,75241,2370 Victory Ave Apt 1405,Dallas,TX,75219,35643.2,"$252,030",Yes,"35,643.20",No,No,"Tax sale scheduled, Address found, LLC / corp owner, Delinquent taxes",Tax Sale List,TAXSALE-TX-18-00090,https://taxsales.lgbs.com/?cause=TX-18-00090
73,Tax Sale,TAXSALE,,Pristine Development Invt Llc,5818 Johnson Ln,Dallas,TX,75241,2370 Victory Ave Apt 1405,Dallas,TX,75219,29250.0,"$252,030",Yes,"29,250.00",No,No,"Tax sale scheduled, Address found, LLC / corp owner, Delinquent taxes",Tax Sale List,TAXSALE-TX-22-01015,https://taxsales.lgbs.com/?cause=TX-22-01015
73,Tax Sale,TAXSALE,,Penteco Inc,8400 Manderville Ln,Dallas,TX,75231,11000 Cinderella Ln # 201,Dallas,TX,75229,3200.0,"$3,200",Yes,"3,200.00",No,No,"Tax sale scheduled, Address found, LLC / corp owner, Delinquent taxes",Tax Sale List,TAXSALE-TX-22-01886,https://taxsales.lgbs.com/?cause=TX-22-01886
73,Tax Sale,TAXSALE,,Cedar Routh Corp,5918 Chelsea Ave,Dallas,TX,,5950 Cedar Springs Rd Ste 235 Suite 235,Dallas,TX,75235,3952.48,"$1,230,000",Yes,"3,952.48",No,No,"Tax sale scheduled, Address found, LLC / corp owner, Delinquent taxes",Tax Sale List,TAXSALE-TX-17-01234,https://taxsales.lgbs.com/?cause=TX-17-01234
73,Tax Sale,TAXSALE,,Natl Land Title Co Inc,905 Armstrong Rd,Seagoville,TX,75159,7557 Rambler Rd Ste 930,Dallas,TX,75231,,"$80,000",Yes,,No,No,"Tax sale scheduled, Address found, LLC / corp owner, Delinquent taxes",Tax Sale List,TAXSALE-TX-15-00069,https://taxsales.lgbs.com/?cause=TX-15-00069
73,Tax Sale,TAXSALE,,Brooks & Burks Llc,405 Ralph St,Seagoville,TX,75159,2819 E Overton Rd,Dallas,TX,75216,,"$70,000",Yes,,No,No,"Tax sale scheduled, Address found, LLC / corp owner, Delinquent taxes",Tax Sale List,TAXSALE-TX-17-00959,https://taxsales.lgbs.com/?cause=TX-17-00959
73,Tax Sale,TAXSALE,,Metcalf Patsy Ruth Estate Of,3220 Claibourne Blvd,Dallas,TX,75212,3220 Claibourne Blvd,Dallas,TX,75212,15737.84,"$25,880",Yes,"15,737.84",No,No,"Tax sale scheduled, Address found, LLC / corp owner, Delinquent taxes",Tax Sale List,TAXSALE-TX-25-00234,https://taxsales.lgbs.com/?cause=TX-25-00234
73,Tax Sale,TAXSALE,,Fagan B K Estate Of,13943 Indian Wells Rd,Dallas,TX,75253-4916,13943 Indian Wells Rd,Dallas,TX,75253,,"$89,250",Yes,,No,No,"Tax sale scheduled, Address found, LLC / corp owner, Delinquent taxes",Tax Sale List,TAXSALE-TX-19-00397,https://taxsales.lgbs.com/?cause=TX-19-00397
73,Tax Sale,TAXSALE,,1921 Briarwood Llc,1921 Briarwood Dr,Grand Prairie,TX,75050-2217,2300 Harrison Ave,Fort Worth,TX,76110,,"$347,730",Yes,,No,No,"Tax sale scheduled, Address found, LLC / corp owner, Delinquent taxes",Tax Sale List,TAXSALE-153-D44220-24,https://taxsales.lgbs.com/?cause=153-D44220-24
73,Tax Sale,TAXSALE,,Eftar Llc,618 N Yale Dr,Garland,TX,75042-6026,811 S Central Expy # 235C,Richardson,TX,75080,23239.84,"$238,210",Yes,"23,239.84",No,No,"Tax sale scheduled, Address found, LLC / corp owner, Delinquent taxes",Tax Sale List,TAXSALE-TX-24-00125,https://taxsales.lgbs.com/?cause=TX-24-00125
70,Notice of Foreclosure,NOFC,08/12/2026,Rocket Mortgage Llc,,No Town,TX,,,,TX,,,,No,,No,No,"Pre-foreclosure, New this week, LLC / corp owner",Dallas County Clerk,202600173236,https://dallas.tx.publicsearch.us/doc/329661072
68,Tax Sale,TAXSALE,,Garcia Luis Miguel &,1125 Stella St,Fort Worth,TX,76104-1645,9501 Brockbank Dr Apt 5207,Dallas,TX,75220,12097.44,"$319,700",Yes,"12,097.44",No,No,"Tax sale scheduled, Address found, Delinquent taxes",Tax Sale List,TAXSALE-048-D44224-24,https://taxsales.lgbs.com/?cause=048-D44224-24
68,Tax Sale,TAXSALE,,,4075 E Lancaster Ave,Fort Worth,TX,76103-3639,,,TX,,4098.37,,Yes,"4,098.37",No,No,"Tax sale scheduled, Address found, Delinquent taxes",Tax Sale List,TAXSALE-348-D31751-22,https://taxsales.lgbs.com/?cause=348-D31751-22
68,Tax Sale,TAXSALE,,,2241 Lucas Dr,Fort Worth,TX,76112-7918,,,TX,,8227.22,,Yes,"8,227.22",No,No,"Tax sale scheduled, Address found, Delinquent taxes",Tax Sale List,TAXSALE-342-D38055-23,https://taxsales.lgbs.com/?cause=342-D38055-23
68,Tax Sale,TAXSALE,,,2113 Ash Crescent St,Fort Worth,TX,76104-6212,,,TX,,,,Yes,,No,No,"Tax sale scheduled, Address found, Delinquent taxes",Tax Sale List,TAXSALE-048-D40620-24,https://taxsales.lgbs.com/?cause=048-D40620-24
68,Tax Sale,TAXSALE,,,7204 Ridge Rd W,Fort Worth,TX,76133-7716,,,TX,,17240.61,,Yes,"17,240.61",No,No,"Tax sale scheduled, Address found, Delinquent taxes",Tax Sale List,TAXSALE-067-D40207-24,https://taxsales.lgbs.com/?cause=067-D40207-24
68,Tax Sale,TAXSALE,,,4829 Collinwood Ave,Fort Worth,TX,76107-4123,,,TX,,9707.33,,Yes,"9,707.33",No,No,"Tax sale scheduled, Address found, Delinquent taxes",Tax Sale List,TAXSALE-153-D43540-24,https://taxsales.lgbs.com/?cause=153-D43540-24
68,Tax Sale,TAXSALE,,,3004 Bosswood Ct,Grand Prairie,TX,75052-7532,,,TX,,17786.71,,Yes,"17,786.71",No,No,"Tax sale scheduled, Address found, Delinquent taxes",Tax Sale List,TAXSALE-153-D43344-24,https://taxsales.lgbs.com/?cause=153-D43344-24
68,Tax Sale,TAXSALE,,,8105 Oak Hollow Dr,Arlington,TX,76001-7250,,,TX,,,,Yes,,No,No,"Tax sale scheduled, Address found, Delinquent taxes",Tax Sale List,TAXSALE-153-D45686-25,https://taxsales.lgbs.com/?cause=153-D45686-25
68,Tax Sale,TAXSALE,,,4470 Rolling Hills Dr,Fort Worth,TX,76119-4534,,,TX,,28444.09,,Yes,"28,444.09",No,No,"Tax sale scheduled, Address found, Delinquent taxes",Tax Sale List,TAXSALE-096-D31592-22,https://taxsales.lgbs.com/?cause=096-D31592-22
68,Tax Sale,TAXSALE,,,5113 Crowley St,Fort Worth,TX,76114-1411,,,TX,,5786.56,,Yes,"5,786.56",No,No,"Tax sale scheduled, Address found, Delinquent taxes",Tax Sale List,TAXSALE-352-D34126-22,https://taxsales.lgbs.com/?cause=352-D34126-22
68,Tax Sale,TAXSALE,,,5111 Crowley St,Fort Worth,TX,76114,,,TX,,3491.6,,Yes,"3,491.60",No,No,"Tax sale scheduled, Address found, Delinquent taxes",Tax Sale List,TAXSALE-352-D34126-22,https://taxsales.lgbs.com/?cause=352-D34126-22
68,Tax Sale,TAXSALE,,,3601 Moberly St,Fort Worth,TX,76119-4905,,,TX,,4104.04,,Yes,"4,104.04",No,No,"Tax sale scheduled, Address found, Delinquent taxes",Tax Sale List,TAXSALE-096-D19374-18,https://taxsales.lgbs.com/?cause=096-D19374-18
68,Tax Sale,TAXSALE,,,4016 Avenue L,Fort Worth,TX,76105-2540,,,TX,,,,Yes,,No,No,"Tax sale scheduled, Address found, Delinquent taxes",Tax Sale List,TAXSALE-352-D38532-23,https://taxsales.lgbs.com/?cause=352-D38532-23
68,Tax Sale,TAXSALE,,,2211 N Beach St,Haltom City,TX,76111-6815,,,TX,,9877.63,,Yes,"9,877.63",No,No,"Tax sale scheduled, Address found, Delinquent taxes",Tax Sale List,TAXSALE-141-D43241-24,https://taxsales.lgbs.com/?cause=141-D43241-24
68,Tax Sale,TAXSALE,,,2904 Ross Ave,Fort Worth,TX,76106-5708,,,TX,,21636.4,,Yes,"21,636.40",No,No,"Tax sale scheduled, Address found, Delinquent taxes",Tax Sale List,TAXSALE-048-D34623-22,https://taxsales.lgbs.com/?cause=048-D34623-22
68,Tax Sale,TAXSALE,,,5709 Dana Dr,Haltom City,TX,76117-4114,,,TX,,6715.25,,Yes,"6,715.25",No,No,"Tax sale scheduled, Address found, Delinquent taxes",Tax Sale List,TAXSALE-342-D48855-25,https://taxsales.lgbs.com/?cause=342-D48855-25
68,Tax Sale,TAXSALE,,,2644 S Pipeline Rd W,Euless,TX,76040,,,TX,,18823.61,,Yes,"18,823.61",No,No,"Tax sale scheduled, Address found, Delinquent taxes",Tax Sale List,TAXSALE-236-E24343-08,https://taxsales.lgbs.com/?cause=236-E24343-08
68,Tax Sale,TAXSALE,,,1421 Cloverdale Dr,Fort Worth,TX,76134-1710,,,TX,,11793.3,,Yes,"11,793.30",No,No,"Tax sale scheduled, Address found, Delinquent taxes",Tax Sale List,TAXSALE-096-D25664-20,https://taxsales.lgbs.com/?cause=096-D25664-20
68,Tax Sale,TAXSALE,,,242 Sayers Dr,Mansfield,TX,76063-4522,,,TX,,,,Yes,,No,No,"Tax sale scheduled, Address found, Delinquent taxes",Tax Sale List,TAXSALE-236-L29360-14,https://taxsales.lgbs.com/?cause=236-L29360-14
68,Tax Sale,TAXSALE,,,11309 Brownfield Dr,Burleson,TX,76028-6916,,,TX,,39629.62,,Yes,"39,629.62",No,No,"Tax sale scheduled, Address found, Delinquent taxes",Tax Sale List,TAXSALE-048-D37957-23,https://taxsales.lgbs.com/?cause=048-D37957-23
68,Tax Sale,TAXSALE,,,5819 Summerwood Dr,Grand Prairie,TX,75052-0434,,,TX,,29226.01,,Yes,"29,226.01",No,No,"Tax sale scheduled, Address found, Delinquent taxes",Tax Sale List,TAXSALE-048-D43699-24,https://taxsales.lgbs.com/?cause=048-D43699-24
68,Tax Sale,TAXSALE,,,1701 Coleman Ave,Fort Worth,TX,76105-2645,,,TX,,6813.78,,Yes,"6,813.78",No,No,"Tax sale scheduled, Address found, Delinquent taxes",Tax Sale List,TAXSALE-017-D42151-24,https://taxsales.lgbs.com/?cause=017-D42151-24
68,Tax Sale,TAXSALE,,,4200 Comanche St,Fort Worth,TX,76119-2002,,,TX,,6332.56,,Yes,"6,332.56",No,No,"Tax sale scheduled, Address found, Delinquent taxes",Tax Sale List,TAXSALE-352-D40596-24,https://taxsales.lgbs.com/?cause=352-D40596-24
68,Tax Sale,TAXSALE,,,3214 Fitzhugh Ave,Fort Worth,TX,76105-4815,,,TX,,3676.26,,Yes,"3,676.26",No,No,"Tax sale scheduled, Address found, Delinquent taxes",Tax Sale List,TAXSALE-017-D44075-24,https://taxsales.lgbs.com/?cause=017-D44075-24
68,Tax Sale,TAXSALE,,,2802 Lee Ave,Fort Worth,TX,76106,,,TX,,4312.71,,Yes,"4,312.71",No,No,"Tax sale scheduled, Address found, Delinquent taxes",Tax Sale List,TAXSALE-153-D35491-23,https://taxsales.lgbs.com/?cause=153-D35491-23
68,Tax Sale,TAXSALE,,,3717 Livingston Ave,Fort Worth,TX,76110-4833,,,TX,,3338.16,,Yes,"3,338.16",No,No,"Tax sale scheduled, Address found, Delinquent taxes",Tax Sale List,TAXSALE-348-D44687-24,https://taxsales.lgbs.com/?cause=348-D44687-24
68,Tax Sale,TAXSALE,,,5912 Judy Dr,Watauga,TX,76148-1618,,,TX,,12734.19,,Yes,"12,734.19",No,No,"Tax sale scheduled, Address found, Delinquent taxes",Tax Sale List,TAXSALE-096-D48873-25,https://taxsales.lgbs.com/?cause=096-D48873-25
68,Tax Sale,TAXSALE,,,100 W Enon Ave,Everman,TX,76140-3810,,,TX,,6698.88,,Yes,"6,698.88",No,No,"Tax sale scheduled, Address found, Delinquent taxes",Tax Sale List,TAXSALE-067-D38210-23,https://taxsales.lgbs.com/?cause=067-D38210-23
68,Tax Sale,TAXSALE,,,1316 E Magnolia Ave,Fort Worth,TX,76104-5347,,,TX,,8938.81,,Yes,"8,938.81",No,No,"Tax sale scheduled, Address found, Delinquent taxes",Tax Sale List,TAXSALE-348-D44612-24,https://taxsales.lgbs.com/?cause=348-D44612-24
68,Tax Sale,TAXSALE,,,2613 Azle Ave,Fort Worth,TX,76106,,,TX,,4082.41,,Yes,"4,082.41",No,No,"Tax sale scheduled, Address found, Delinquent taxes",Tax Sale List,TAXSALE-153-D39738-24,https://taxsales.lgbs.com/?cause=153-D39738-24
68,Tax Sale,TAXSALE,,,5020 Mccart Ave,Fort Worth,TX,76115-3717,,,TX,,5987.69,,Yes,"5,987.69",No,No,"Tax sale scheduled, Address found, Delinquent taxes",Tax Sale List,TAXSALE-067-D46099-25,https://taxsales.lgbs.com/?cause=067-D46099-25
68,Tax Sale,TAXSALE,,,6321 Skylark Ln,Watauga,TX,76148-3320,,,TX,,,,Yes,,No,No,"Tax sale scheduled, Address found, Delinquent taxes",Tax Sale List,TAXSALE-141-D39558-23,https://taxsales.lgbs.com/?cause=141-D39558-23
68,Tax Sale,TAXSALE,,,9317 Parkview Dr,Fort Worth,TX,76134-5613,,,TX,,4377.6,,Yes,"4,377.60",No,No,"Tax sale scheduled, Address found, Delinquent taxes",Tax Sale List,TAXSALE-342-D44190-24,https://taxsales.lgbs.com/?cause=342-D44190-24
68,Tax Sale,TAXSALE,,,3205 Brown Trl,Bedford,TX,76021-3208,,,TX,,,,Yes,,No,No,"Tax sale scheduled, Address found, Delinquent taxes",Tax Sale List,TAXSALE-067-D39929-24,https://taxsales.lgbs.com/?cause=067-D39929-24
68,Tax Sale,TAXSALE,,,3201 Brown Trl,Bedford,TX,76021,,,TX,,,,Yes,,No,No,"Tax sale scheduled, Address found, Delinquent taxes",Tax Sale List,TAXSALE-067-D39929-24,https://taxsales.lgbs.com/?cause=067-D39929-24
68,Tax Sale,TAXSALE,,,2530 8Th Ave,Fort Worth,TX,76110,,,TX,,13137.17,,Yes,"13,137.17",No,No,"Tax sale scheduled, Address found, Delinquent taxes",Tax Sale List,TAXSALE-141-D22522-19,https://taxsales.lgbs.com/?cause=141-D22522-19
68,Tax Sale,TAXSALE,,,2524 Nw 19Th St,Fort Worth,TX,76106-6610,,,TX,,,,Yes,,No,No,"Tax sale scheduled, Address found, Delinquent taxes",Tax Sale List,TAXSALE-067-D32702-22,https://taxsales.lgbs.com/?cause=067-D32702-22
68,Tax Sale,TAXSALE,,,1712 E Jessamine St,Fort Worth,TX,76104,,,TX,,3327.69,,Yes,"3,327.69",No,No,"Tax sale scheduled, Address found, Delinquent taxes",Tax Sale List,TAXSALE-236-D35942-23,https://taxsales.lgbs.com/?cause=236-D35942-23
68,Tax Sale,TAXSALE,,,2716 Biway St,Fort Worth,TX,76114-1654,,,TX,,6542.87,,Yes,"6,542.87",No,No,"Tax sale scheduled, Address found, Delinquent taxes",Tax Sale List,TAXSALE-067-D47003-25,https://taxsales.lgbs.com/?cause=067-D47003-25
68,Tax Sale,TAXSALE,,,1401 Canterbury Cir,Fort Worth,TX,76112-3104,,,TX,,5569.23,,Yes,"5,569.23",No,No,"Tax sale scheduled, Address found, Delinquent taxes",Tax Sale List,TAXSALE-352-D20131-19,https://taxsales.lgbs.com/?cause=352-D20131-19
68,Tax Sale,TAXSALE,,,610 Forest Edge Dr,Arlington,TX,76013,,,TX,,14460.53,,Yes,"14,460.53",No,No,"Tax sale scheduled, Address found, Delinquent taxes",Tax Sale List,TAXSALE-236-E28622-11,https://taxsales.lgbs.com/?cause=236-E28622-11
68,Tax Sale,TAXSALE,,,520 Nw 28Th St,Fort Worth,TX,76164-7074,,,TX,,10944.38,,Yes,"10,944.38",No,No,"Tax sale scheduled, Address found, Delinquent taxes",Tax Sale List,TAXSALE-153-D35491-23,https://taxsales.lgbs.com/?cause=153-D35491-23
68,Tax Sale,TAXSALE,,,106 W Enon Ave,Everman,TX,76140-3810,,,TX,,44125.56,,Yes,"44,125.56",No,No,"Tax sale scheduled, Address found, Delinquent taxes",Tax Sale List,TAXSALE-067-D38210-23,https://taxsales.lgbs.com/?cause=067-D38210-23
68,Tax Sale,TAXSALE,,,4725 Forest Wood Dr,Forest Hill,TX,76119-7524,,,TX,,27156.48,,Yes,"27,156.48",No,No,"Tax sale scheduled, Address found, Delinquent taxes",Tax Sale List,TAXSALE-342-D43027-24,https://taxsales.lgbs.com/?cause=342-D43027-24
68,Tax Sale,TAXSALE,,,2103 Delante St,Haltom City,TX,76117-5355,,,TX,,3423.29,,Yes,"3,423.29",No,No,"Tax sale scheduled, Address found, Delinquent taxes",Tax Sale List,TAXSALE-342-D30142-21,https://taxsales.lgbs.com/?cause=342-D30142-21
68,Tax Sale,TAXSALE,,,3405 Avenue N,Fort Worth,TX,76105,,,TX,,2943.38,,Yes,"2,943.38",No,No,"Tax sale scheduled, Address found, Delinquent taxes",Tax Sale List,TAXSALE-342-D46269-25,https://taxsales.lgbs.com/?cause=342-D46269-25
68,Tax Sale,TAXSALE,,,3732 Billie Faye Dr,North Richland H,TX,76180-1548,,,TX,,22865.97,,Yes,"22,865.97",No,No,"Tax sale scheduled, Address found, Delinquent taxes",Tax Sale List,TAXSALE-096-D33731-22,https://taxsales.lgbs.com/?cause=096-D33731-22
68,Tax Sale,TAXSALE,,,320 Hemphill St,Fort Worth,TX,76104-1130,,,TX,,,,Yes,,No,No,"Tax sale scheduled, Address found, Delinquent taxes",Tax Sale List,TAXSALE-348-D47900-25,https://taxsales.lgbs.com/?cause=348-D47900-25
68,Tax Sale,TAXSALE,,,2656 S Pipeline Rd W,Euless,TX,76040,,,TX,,38322.0,,Yes,"38,322.00",No,No,"Tax sale scheduled, Address found, Delinquent taxes",Tax Sale List,TAXSALE-236-E22526-07,https://taxsales.lgbs.com/?cause=236-E22526-07
68,Tax Sale,TAXSALE,,,3345 Bright St,Fort Worth,TX,76119-1901,,,TX,,2778.06,,Yes,"2,778.06",No,No,"Tax sale scheduled, Address found, Delinquent taxes",Tax Sale List,TAXSALE-048-D20570-19,https://taxsales.lgbs.com/?cause=048-D20570-19
68,Tax Sale,TAXSALE,,,1704 Stalcup Rd,Fort Worth,TX,76112-7643,,,TX,,11160.95,,Yes,"11,160.95",No,No,"Tax sale scheduled, Address found, Delinquent taxes",Tax Sale List,TAXSALE-096-D34329-22,https://taxsales.lgbs.com/?cause=096-D34329-22
68,Tax Sale,TAXSALE,,,201 Cotton Dr,Mansfield,TX,76063,,,TX,,11601.38,,Yes,"11,601.38",No,No,"Tax sale scheduled, Address found, Delinquent taxes",Tax Sale List,TAXSALE-236-D26003-20,https://taxsales.lgbs.com/?cause=236-D26003-20
68,Tax Sale,TAXSALE,,,5641 Conlin Dr,Fort Worth,TX,76134-2221,,,TX,,37190.57,,Yes,"37,190.57",No,No,"Tax sale scheduled, Address found, Delinquent taxes",Tax Sale List,TAXSALE-153-D45700-25,https://taxsales.lgbs.com/?cause=153-D45700-25
68,Tax Sale,TAXSALE,,,1701 Susan Dr,Arlington,TX,76010,,,TX,,40684.0,,Yes,"40,684.00",No,No,"Tax sale scheduled, Address found, Delinquent taxes",Tax Sale List,TAXSALE-236-D27002-21,https://taxsales.lgbs.com/?cause=236-D27002-21
68,Tax Sale,TAXSALE,,,838 Chaparral Ct,Bedford,TX,76022,,,TX,,14692.44,,Yes,"14,692.44",No,No,"Tax sale scheduled, Address found, Delinquent taxes",Tax Sale List,TAXSALE-352-D23747-20,https://taxsales.lgbs.com/?cause=352-D23747-20
68,Tax Sale,TAXSALE,,,4215 Jackson St,Fort Worth,TX,76119-3315,,,TX,,1396.39,,Yes,"1,396.39",No,No,"Tax sale scheduled, Address found, Delinquent taxes",Tax Sale List,TAXSALE-141-D20952-19,https://taxsales.lgbs.com/?cause=141-D20952-19
68,Tax Sale,TAXSALE,,,601 Crane Dr,Euless,TX,76039-3225,,,TX,,13988.11,,Yes,"13,988.11",No,No,"Tax sale scheduled, Address found, Delinquent taxes",Tax Sale List,TAXSALE-017-D40340-24,https://taxsales.lgbs.com/?cause=017-D40340-24
68,Tax Sale,TAXSALE,,,325 Nursery Ln,Fort Worth,TX,76114-4336,,,TX,,,,Yes,,No,No,"Tax sale scheduled, Address found, Delinquent taxes",Tax Sale List,TAXSALE-067-D48575-25,https://taxsales.lgbs.com/?cause=067-D48575-25
68,Tax Sale,TAXSALE,,,4120 Cherokee Trl,Fort Worth,TX,76133-1012,,,TX,,14252.01,,Yes,"14,252.01",No,No,"Tax sale scheduled, Address found, Delinquent taxes",Tax Sale List,TAXSALE-048-D43919-24,https://taxsales.lgbs.com/?cause=048-D43919-24
68,Tax Sale,TAXSALE,,,212 W Mason St,Fort Worth,TX,76110-6223,,,TX,,7402.26,,Yes,"7,402.26",No,No,"Tax sale scheduled, Address found, Delinquent taxes",Tax Sale List,TAXSALE-348-D40594-24,https://taxsales.lgbs.com/?cause=348-D40594-24
68,Tax Sale,TAXSALE,,,2915 E 4Th St,Fort Worth,TX,76111-3802,,,TX,,18511.84,,Yes,"18,511.84",No,No,"Tax sale scheduled, Address found, Delinquent taxes",Tax Sale List,TAXSALE-096-D37864-23,https://taxsales.lgbs.com/?cause=096-D37864-23
68,Tax Sale,TAXSALE,,,1701 E Harvey Ave,Fort Worth,TX,76104,,,TX,,5000.0,,Yes,"5,000.00",No,No,"Tax sale scheduled, Address found, Delinquent taxes",Tax Sale List,TAXSALE-236-D12707-17,https://taxsales.lgbs.com/?cause=236-D12707-17
68,Tax Sale,TAXSALE,,,933 E Magnolia Ave,Fort Worth,TX,76104-5215,,,TX,,2971.0,,Yes,"2,971.00",No,No,"Tax sale scheduled, Address found, Delinquent taxes",Tax Sale List,TAXSALE-048-D39419-23,https://taxsales.lgbs.com/?cause=048-D39419-23
68,Tax Sale,TAXSALE,,,5009 Caroldean Ct,Haltom City,TX,76117-1201,,,TX,,4714.88,,Yes,"4,714.88",No,No,"Tax sale scheduled, Address found, Delinquent taxes",Tax Sale List,TAXSALE-352-D35052-23,https://taxsales.lgbs.com/?cause=352-D35052-23
68,Tax Sale,TAXSALE,,,708 Conner Ave,Fort Worth,TX,76105-1123,,,TX,,5681.46,,Yes,"5,681.46",No,No,"Tax sale scheduled, Address found, Delinquent taxes",Tax Sale List,TAXSALE-048-D43396-24,https://taxsales.lgbs.com/?cause=048-D43396-24
68,Tax Sale,TAXSALE,,,242 Sayers Dr,Mansfield,TX,76063-4522,,,TX,,15078.79,,Yes,"15,078.79",No,No,"Tax sale scheduled, Address found, Delinquent taxes",Tax Sale List,TAXSALE-236-L29360-14,https://taxsales.lgbs.com/?cause=236-L29360-14
68,Tax Sale,TAXSALE,,,402 Washington St,Grapevine,TX,76051,,,TX,,38515.37,,Yes,"38,515.37",No,No,"Tax sale scheduled, Address found, Delinquent taxes",Tax Sale List,TAXSALE-048-D38243-23,https://taxsales.lgbs.com/?cause=048-D38243-23
68,Tax Sale,TAXSALE,,,408 Carolyn Dr,Bedford,TX,76021-4114,,,TX,,7178.87,,Yes,"7,178.87",No,No,"Tax sale scheduled, Address found, Delinquent taxes",Tax Sale List,TAXSALE-153-D23745-20,https://taxsales.lgbs.com/?cause=153-D23745-20
68,Tax Sale,TAXSALE,,,5590 Pinson St,Fort Worth,TX,76119-1723,,,TX,,4332.23,,Yes,"4,332.23",No,No,"Tax sale scheduled, Address found, Delinquent taxes",Tax Sale List,TAXSALE-096-D24086-20,https://taxsales.lgbs.com/?cause=096-D24086-20
68,Tax Sale,TAXSALE,,,2600 Pearl Ave,Fort Worth,TX,76164-6923,,,TX,,8015.87,,Yes,"8,015.87",No,No,"Tax sale scheduled, Address found, Delinquent taxes",Tax Sale List,TAXSALE-096-D44170-24,https://taxsales.lgbs.com/?cause=096-D44170-24
68,Tax Sale,TAXSALE,,,3312 8Th Ave,Fort Worth,TX,76110-3809,,,TX,,2237.78,,Yes,"2,237.78",No,No,"Tax sale scheduled, Address found, Delinquent taxes",Tax Sale List,TAXSALE-141-D45887-25,https://taxsales.lgbs.com/?cause=141-D45887-25
68,Tax Sale,TAXSALE,,,2211 Green Creek Dr,Arlington,TX,76001-6783,,,TX,,,,Yes,,No,No,"Tax sale scheduled, Address found, Delinquent taxes",Tax Sale List,TAXSALE-352-D39690-24,https://taxsales.lgbs.com/?cause=352-D39690-24
68,Tax Sale,TAXSALE,,,2152 Ridgeview St,Fort Worth,TX,76119-3115,,,TX,,19004.43,,Yes,"19,004.43",No,No,"Tax sale scheduled, Address found, Delinquent taxes",Tax Sale List,TAXSALE-048-D33636-22,https://taxsales.lgbs.com/?cause=048-D33636-22
68,Tax Sale,TAXSALE,,,1740 Americana Blvd,Blue Mound,TX,76131-1132,,,TX,,15567.43,,Yes,"15,567.43",No,No,"Tax sale scheduled, Address found, Delinquent taxes",Tax Sale List,TAXSALE-352-D33701-22,https://taxsales.lgbs.com/?cause=352-D33701-22
68,Tax Sale,TAXSALE,,,2421 Doreen St,Grand Prairie,TX,75050-4911,,,TX,,14851.36,,Yes,"14,851.36",No,No,"Tax sale scheduled, Address found, Delinquent taxes",Tax Sale List,TAXSALE-153-D43509-24,https://taxsales.lgbs.com/?cause=153-D43509-24
68,Tax Sale,TAXSALE,,,900 Walnut St,Burleson,TX,76028-8416,,,TX,,5767.53,,Yes,"5,767.53",No,No,"Tax sale scheduled, Address found, Delinquent taxes",Tax Sale List,TAXSALE-342-D38754-23,https://taxsales.lgbs.com/?cause=342-D38754-23
68,Tax Sale,TAXSALE,,,2828 S Jones St,Fort Worth,TX,76104-6743,,,TX,,,,Yes,,No,No,"Tax sale scheduled, Address found, Delinquent taxes",Tax Sale List,TAXSALE-342-D40569-24,https://taxsales.lgbs.com/?cause=342-D40569-24
68,Tax Sale,TAXSALE,,,4905 Gordon Ave,Fort Worth,TX,76115,,,TX,,25000.0,,Yes,"25,000.00",No,No,"Tax sale scheduled, Address found, Delinquent taxes",Tax Sale List,TAXSALE-348-D27314-21,https://taxsales.lgbs.com/?cause=348-D27314-21
68,Tax Sale,TAXSALE,,,2418 March Ln,Grand Prairie,TX,75050-2919,,,TX,,8994.75,,Yes,"8,994.75",No,No,"Tax sale scheduled, Address found, Delinquent taxes",Tax Sale List,TAXSALE-141-D27416-21,https://taxsales.lgbs.com/?cause=141-D27416-21
68,Tax Sale,TAXSALE,,,9404 Claudia Dr,Fort Worth,TX,76134-5640,,,TX,,2299.56,,Yes,"2,299.56",No,No,"Tax sale scheduled, Address found, Delinquent taxes",Tax Sale List,TAXSALE-342-D44190-24,https://taxsales.lgbs.com/?cause=342-D44190-24
68,Tax Sale,TAXSALE,,,9317 Parkview Dr,Fort Worth,TX,76134-5613,,,TX,,19127.86,,Yes,"19,127.86",No,No,"Tax sale scheduled, Address found, Delinquent taxes",Tax Sale List,TAXSALE-342-D44190-24,https://taxsales.lgbs.com/?cause=342-D44190-24
68,Tax Sale,TAXSALE,,,6604 Sunshine Valley Dr,Arlington,TX,76016-4210,,,TX,,9375.46,,Yes,"9,375.46",No,No,"Tax sale scheduled, Address found, Delinquent taxes",Tax Sale List,TAXSALE-352-D19694-18,https://taxsales.lgbs.com/?cause=352-D19694-18
68,Tax Sale,TAXSALE,,,2236 Ridgeview St,Fort Worth,TX,76119-3117,,,TX,,28381.27,,Yes,"28,381.27",No,No,"Tax sale scheduled, Address found, Delinquent taxes",Tax Sale List,TAXSALE-048-D33636-22,https://taxsales.lgbs.com/?cause=048-D33636-22
68,Tax Sale,TAXSALE,,,3970 Griggs Ct,Fort Worth,TX,76119-3718,,,TX,,3461.43,,Yes,"3,461.43",No,No,"Tax sale scheduled, Address found, Delinquent taxes",Tax Sale List,TAXSALE-153-D40167-24,https://taxsales.lgbs.com/?cause=153-D40167-24
68,Tax Sale,TAXSALE,,,514 Indiana St,Arlington,TX,76011-7451,,,TX,,24504.0,,Yes,"24,504.00",No,No,"Tax sale scheduled, Address found, Delinquent taxes",Tax Sale List,TAXSALE-048-D42862-24,https://taxsales.lgbs.com/?cause=048-D42862-24
68,Tax Sale,TAXSALE,,,4100 Frawley Dr,North Richland H,TX,76180-8328,,,TX,,11114.22,,Yes,"11,114.22",No,No,"Tax sale scheduled, Address found, Delinquent taxes",Tax Sale List,TAXSALE-048-D19261-18,https://taxsales.lgbs.com/?cause=048-D19261-18
68,Tax Sale,TAXSALE,,,2908 Meadowview Dr,Arlington,TX,76016,,,TX,,43018.0,,Yes,"43,018.00",No,No,"Tax sale scheduled, Address found, Delinquent taxes",Tax Sale List,TAXSALE-141-D20051-19,https://taxsales.lgbs.com/?cause=141-D20051-19
68,Tax Sale,TAXSALE,,,2009 Floyd Hampton Rd,Crowley,TX,76036,,,TX,,7950.0,,Yes,"7,950.00",No,No,"Tax sale scheduled, Address found, Delinquent taxes",Tax Sale List,TAXSALE-236-D21359-19,https://taxsales.lgbs.com/?cause=236-D21359-19
68,Tax Sale,TAXSALE,,,5037 Stanley Ave,Fort Worth,TX,76115,,,TX,,2373.85,,Yes,"2,373.85",No,No,"Tax sale scheduled, Address found, Delinquent taxes",Tax Sale List,TAXSALE-048-D12002-17,https://taxsales.lgbs.com/?cause=048-D12002-17
68,Tax Sale,TAXSALE,,,5041 Stanley Ave,Fort Worth,TX,76115,,,TX,,2052.63,,Yes,"2,052.63",No,No,"Tax sale scheduled, Address found, Delinquent taxes",Tax Sale List,TAXSALE-048-D12002-17,https://taxsales.lgbs.com/?cause=048-D12002-17
68,Tax Sale,TAXSALE,,,5102 James Ave,Fort Worth,TX,76115,,,TX,,726.5,,Yes,726.50,No,No,"Tax sale scheduled, Address found, Delinquent taxes",Tax Sale List,TAXSALE-048-D12002-17,https://taxsales.lgbs.com/?cause=048-D12002-17
68,Tax Sale,TAXSALE,,,4217 Bonita Dr,Fort Worth,TX,76114-3808,,,TX,,3810.85,,Yes,"3,810.85",No,No,"Tax sale scheduled, Address found, Delinquent taxes",Tax Sale List,TAXSALE-141-D40996-24,https://taxsales.lgbs.com/?cause=141-D40996-24
68,Tax Sale,TAXSALE,,,4805 Alandale Dr,Forest Hill,TX,76119-7507,,,TX,,13371.9,,Yes,"13,371.90",No,No,"Tax sale scheduled, Address found, Delinquent taxes",Tax Sale List,TAXSALE-352-D30120-21,https://taxsales.lgbs.com/?cause=352-D30120-21
68,Tax Sale,TAXSALE,,,3223 Vine St,Euless,TX,76040,,,TX,,6413.82,,Yes,"6,413.82",No,No,"Tax sale scheduled, Address found, Delinquent taxes",Tax Sale List,TAXSALE-348-D31780-22,https://taxsales.lgbs.com/?cause=348-D31780-22
68,Tax Sale,TAXSALE,,,5405 Farnsworth Ave,Fort Worth,TX,76107-7001,,,TX,,4267.38,,Yes,"4,267.38",No,No,"Tax sale scheduled, Address found, Delinquent taxes",Tax Sale List,TAXSALE-352-D41004-24,https://taxsales.lgbs.com/?cause=352-D41004-24
68,Tax Sale,TAXSALE,,,1028 E Berry St,Fort Worth,TX,76110-4503,,,TX,,,,Yes,,No,No,"Tax sale scheduled, Address found, Delinquent taxes",Tax Sale List,TAXSALE-048-D38974-23,https://taxsales.lgbs.com/?cause=048-D38974-23
68,Tax Sale,TAXSALE,,,4014 W Division St,Arlington,TX,76012,,,TX,,21405.7,,Yes,"21,405.70",No,No,"Tax sale scheduled, Address found, Delinquent taxes",Tax Sale List,TAXSALE-236-E22729-07,https://taxsales.lgbs.com/?cause=236-E22729-07
68,Tax Sale,TAXSALE,,,1800 Duval St,Fort Worth,TX,76104-5950,,,TX,,14012.41,,Yes,"14,012.41",No,No,"Tax sale scheduled, Address found, Delinquent taxes",Tax Sale List,TAXSALE-141-D37837-23,https://taxsales.lgbs.com/?cause=141-D37837-23
68,Tax Sale,TAXSALE,,,3254 Abney Ave,Fort Worth,TX,76110-4501,,,TX,,4498.22,,Yes,"4,498.22",No,No,"Tax sale scheduled, Address found, Delinquent taxes",Tax Sale List,TAXSALE-342-D35526-23,https://taxsales.lgbs.com/?cause=342-D35526-23
68,Tax Sale,TAXSALE,,,2501 Sherwood Dr,Grand Prairie,TX,75050-2146,,,TX,,,,Yes,,No,No,"Tax sale scheduled, Address found, Delinquent taxes",Tax Sale List,TAXSALE-352-D07526-15,https://taxsales.lgbs.com/?cause=352-D07526-15
68,Tax Sale,TAXSALE,,,5600 Rickenbacker Pl,Fort Worth,TX,76112-7642,,,TX,,11560.58,,Yes,"11,560.58",No,No,"Tax sale scheduled, Address found, Delinquent taxes",Tax Sale List,TAXSALE-067-D35137-23,https://taxsales.lgbs.com/?cause=067-D35137-23
68,Tax Sale,TAXSALE,,,1182 Eugene Ave,Fort Worth,TX,76115,,,TX,,3071.31,,Yes,"3,071.31",No,No,"Tax sale scheduled, Address found, Delinquent taxes",Tax Sale List,TAXSALE-236-D45128-24,https://taxsales.lgbs.com/?cause=236-D45128-24
68,Tax Sale,TAXSALE,,,1178 Eugene Ave,Fort Worth,TX,76115,,,TX,,2553.85,,Yes,"2,553.85",No,No,"Tax sale scheduled, Address found, Delinquent taxes",Tax Sale List,TAXSALE-236-D45128-24,https://taxsales.lgbs.com/?cause=236-D45128-24
68,Tax Sale,TAXSALE,,,7204 Chatham Rd,North Richland H,TX,76182-5009,,,TX,,10314.41,,Yes,"10,314.41",No,No,"Tax sale scheduled, Address found, Delinquent taxes",Tax Sale List,TAXSALE-352-D45482-24,https://taxsales.lgbs.com/?cause=352-D45482-24
68,Tax Sale,TAXSALE,,,5316 Red Bud Ln,Fort Worth,TX,76114-4354,,,TX,,,,Yes,,No,No,"Tax sale scheduled, Address found, Delinquent taxes",Tax Sale List,TAXSALE-067-D48575-25,https://taxsales.lgbs.com/?cause=067-D48575-25
68,Tax Sale,TAXSALE,,,731 W Bolt St,Fort Worth,TX,76110-6241,,,TX,,12234.65,,Yes,"12,234.65",No,No,"Tax sale scheduled, Address found, Delinquent taxes",Tax Sale List,TAXSALE-067-D35461-23,https://taxsales.lgbs.com/?cause=067-D35461-23
68,Tax Sale,TAXSALE,,,1328 W Gambrell St,Fort Worth,TX,76115-2321,,,TX,,4519.24,,Yes,"4,519.24",No,No,"Tax sale scheduled, Address found, Delinquent taxes",Tax Sale List,TAXSALE-096-D44601-24,https://taxsales.lgbs.com/?cause=096-D44601-24
68,Tax Sale,TAXSALE,,,1717 Pamela Ln,Fort Worth,TX,76112-4317,,,TX,,7259.28,,Yes,"7,259.28",No,No,"Tax sale scheduled, Address found, Delinquent taxes",Tax Sale List,TAXSALE-048-D26279-20,https://taxsales.lgbs.com/?cause=048-D26279-20
68,Tax Sale,TAXSALE,,,6107 King William Dr,Arlington,TX,76018-2399,,,TX,,12953.36,,Yes,"12,953.36",No,No,"Tax sale scheduled, Address found, Delinquent taxes",Tax Sale List,TAXSALE-067-D38430-23,https://taxsales.lgbs.com/?cause=067-D38430-23
68,Tax Sale,TAXSALE,,,2311 Pecandale Dr,Arlington,TX,76013-1363,,,TX,,4950.95,,Yes,"4,950.95",No,No,"Tax sale scheduled, Address found, Delinquent taxes",Tax Sale List,TAXSALE-348-D33926-22,https://taxsales.lgbs.com/?cause=348-D33926-22
68,Tax Sale,TAXSALE,,,3936 Country Ln,Fort Worth,TX,76123-2582,,,TX,,17447.47,,Yes,"17,447.47",No,No,"Tax sale scheduled, Address found, Delinquent taxes",Tax Sale List,TAXSALE-067-D38871-23,https://taxsales.lgbs.com/?cause=067-D38871-23
68,Tax Sale,TAXSALE,,,5716 Swords Dr,Fort Worth,TX,76137-4997,,,TX,,12056.41,,Yes,"12,056.41",No,No,"Tax sale scheduled, Address found, Delinquent taxes",Tax Sale List,TAXSALE-141-D44261-24,https://taxsales.lgbs.com/?cause=141-D44261-24
68,Tax Sale,TAXSALE,,,4701 Edinburgh Ln,Grand Prairie,TX,75052-4529,,,TX,,28807.4,,Yes,"28,807.40",No,No,"Tax sale scheduled, Address found, Delinquent taxes",Tax Sale List,TAXSALE-048-D44487-24,https://taxsales.lgbs.com/?cause=048-D44487-24
68,Tax Sale,TAXSALE,,,3602 Littlestone Dr,Arlington,TX,76014-3135,,,TX,,15267.33,,Yes,"15,267.33",No,No,"Tax sale scheduled, Address found, Delinquent taxes",Tax Sale List,TAXSALE-017-D46485-25,https://taxsales.lgbs.com/?cause=017-D46485-25
68,Tax Sale,TAXSALE,,,204 E Mistletoe Dr,Kennedale,TX,76060-2620,,,TX,,24060.8,,Yes,"24,060.80",No,No,"Tax sale scheduled, Address found, Delinquent taxes",Tax Sale List,TAXSALE-067-D43094-24,https://taxsales.lgbs.com/?cause=067-D43094-24
68,Tax Sale,TAXSALE,,,1211 W Hudgins St,Grapevine,TX,76051-5197,,,TX,,6054.0,,Yes,"6,054.00",No,No,"Tax sale scheduled, Address found, Delinquent taxes",Tax Sale List,TAXSALE-352-D35700-23,https://taxsales.lgbs.com/?cause=352-D35700-23
68,Tax Sale,TAXSALE,,,4012 Carolyn Rd,Fort Worth,TX,76109-4549,,,TX,,5147.03,,Yes,"5,147.03",No,No,"Tax sale scheduled, Address found, Delinquent taxes",Tax Sale List,TAXSALE-017-D48170-25,https://taxsales.lgbs.com/?cause=017-D48170-25
68,Tax Sale,TAXSALE,,,3627 Mt Vernon Ave,Fort Worth,TX,76103-2528,,,TX,,39309.33,,Yes,"39,309.33",No,No,"Tax sale scheduled, Address found, Delinquent taxes",Tax Sale List,TAXSALE-017-D37909-23,https://taxsales.lgbs.com/?cause=017-D37909-23
68,Tax Sale,TAXSALE,,,3202 Seaboard Dr,Arlington,TX,76014-2742,,,TX,,23137.66,,Yes,"23,137.66",No,No,"Tax sale scheduled, Address found, Delinquent taxes",Tax Sale List,TAXSALE-352-D44569-24,https://taxsales.lgbs.com/?cause=352-D44569-24
68,Tax Sale,TAXSALE,,,133 W Franklin Ave,Saginaw,TX,76179-1624,,,TX,,27347.89,,Yes,"27,347.89",No,No,"Tax sale scheduled, Address found, Delinquent taxes",Tax Sale List,TAXSALE-348-D31398-22,https://taxsales.lgbs.com/?cause=348-D31398-22
68,Tax Sale,TAXSALE,,,3313 Nw 31St St,Fort Worth,TX,76106-3417,,,TX,,6837.34,,Yes,"6,837.34",No,No,"Tax sale scheduled, Address found, Delinquent taxes",Tax Sale List,TAXSALE-342-D44813-24,https://taxsales.lgbs.com/?cause=342-D44813-24
68,Tax Sale,TAXSALE,,,1509 Lincoln Ave,Fort Worth,TX,76164-8840,,,TX,,12983.24,,Yes,"12,983.24",No,No,"Tax sale scheduled, Address found, Delinquent taxes",Tax Sale List,TAXSALE-342-D44214-24,https://taxsales.lgbs.com/?cause=342-D44214-24
68,Tax Sale,TAXSALE,,,5116 Calumet St,Fort Worth,TX,76105-2816,,,TX,,24780.21,,Yes,"24,780.21",No,No,"Tax sale scheduled, Address found, Delinquent taxes",Tax Sale List,TAXSALE-067-D46522-25,https://taxsales.lgbs.com/?cause=067-D46522-25
68,Tax Sale,TAXSALE,,,2925 Oakwood St,Haltom City,TX,76117-4332,,,TX,,18567.62,,Yes,"18,567.62",No,No,"Tax sale scheduled, Address found, Delinquent taxes",Tax Sale List,TAXSALE-017-D34750-22,https://taxsales.lgbs.com/?cause=017-D34750-22
68,Tax Sale,TAXSALE,,,101 W Trammell Ave,Everman,TX,76140-3214,,,TX,,25984.6,,Yes,"25,984.60",No,No,"Tax sale scheduled, Address found, Delinquent taxes",Tax Sale List,TAXSALE-067-D38210-23,https://taxsales.lgbs.com/?cause=067-D38210-23
68,Tax Sale,TAXSALE,,,2611 Azle Ave,Fort Worth,TX,76106-5102,,,TX,,12407.8,,Yes,"12,407.80",No,No,"Tax sale scheduled, Address found, Delinquent taxes",Tax Sale List,TAXSALE-153-D39738-24,https://taxsales.lgbs.com/?cause=153-D39738-24
68,Tax Sale,TAXSALE,,,3722 Ne 28Th St,Haltom City,TX,76111-5135,,,TX,,,,Yes,,No,No,"Tax sale scheduled, Address found, Delinquent taxes",Tax Sale List,TAXSALE-348-D39863-24,https://taxsales.lgbs.com/?cause=348-D39863-24
68,Tax Sale,TAXSALE,,,3722 Ne 28Th St,Haltom City,TX,76111-5135,,,TX,,,,Yes,,No,No,"Tax sale scheduled, Address found, Delinquent taxes",Tax Sale List,TAXSALE-348-D39863-24,https://taxsales.lgbs.com/?cause=348-D39863-24
68,Tax Sale,TAXSALE,,,6998 Bennett Lawson Rd,Mansfield,TX,76063,,,TX,,,,Yes,,No,No,"Tax sale scheduled, Address found, Delinquent taxes",Tax Sale List,TAXSALE-342-D35616-23,https://taxsales.lgbs.com/?cause=342-D35616-23
68,Tax Sale,TAXSALE,,,7397 Retta Mansfield Rd,Mansfield,TX,76063,,,TX,,,,Yes,,No,No,"Tax sale scheduled, Address found, Delinquent taxes",Tax Sale List,TAXSALE-342-D35616-23,https://taxsales.lgbs.com/?cause=342-D35616-23
68,Tax Sale,TAXSALE,,,2408 Reever St,Arlington,TX,76010-8136,,,TX,,,,Yes,,No,No,"Tax sale scheduled, Address found, Delinquent taxes",Tax Sale List,TAXSALE-352-D49167-25,https://taxsales.lgbs.com/?cause=352-D49167-25
68,Tax Sale,TAXSALE,,,1206 Navaho St,Arlington,TX,76012-4337,,,TX,,,,Yes,,No,No,"Tax sale scheduled, Address found, Delinquent taxes",Tax Sale List,TAXSALE-236-D44541-24,https://taxsales.lgbs.com/?cause=236-D44541-24
68,Tax Sale,TAXSALE,,,1439 E Maddox Ave,Fort Worth,TX,76104-5750,,,TX,,,,Yes,,No,No,"Tax sale scheduled, Address found, Delinquent taxes",Tax Sale List,TAXSALE-017-D46236-25,https://taxsales.lgbs.com/?cause=017-D46236-25
68,Tax Sale,TAXSALE,,,2427 Lillian St,Fort Worth,TX,76111-1245,,,TX,,,,Yes,,No,No,"Tax sale scheduled, Address found, Delinquent taxes",Tax Sale List,TAXSALE-352-D45713-25,https://taxsales.lgbs.com/?cause=352-D45713-25
68,Tax Sale,TAXSALE,,,1937 S Main St,Fort Worth,TX,76110,,,TX,,,,Yes,,No,No,"Tax sale scheduled, Address found, Delinquent taxes",Tax Sale List,TAXSALE-067-D30199-21,https://taxsales.lgbs.com/?cause=067-D30199-21
68,Tax Sale,TAXSALE,,,3417 Gordon Ave,Fort Worth,TX,76110-3713,,,TX,,,,Yes,,No,No,"Tax sale scheduled, Address found, Delinquent taxes",Tax Sale List,TAXSALE-153-D38832-23,https://taxsales.lgbs.com/?cause=153-D38832-23
68,Tax Sale,TAXSALE,,,2929 Young St,Fort Worth,TX,76103-2429,,,TX,,,,Yes,,No,No,"Tax sale scheduled, Address found, Delinquent taxes",Tax Sale List,TAXSALE-017-D20340-19,https://taxsales.lgbs.com/?cause=017-D20340-19
68,Tax Sale,TAXSALE,,,521 S Sylvania Ave,Fort Worth,TX,76111-2241,,,TX,,,,Yes,,No,No,"Tax sale scheduled, Address found, Delinquent taxes",Tax Sale List,TAXSALE-352-D35251-23,https://taxsales.lgbs.com/?cause=352-D35251-23
68,Tax Sale,TAXSALE,,,1945 S Main St,Fort Worth,TX,76110,,,TX,,,,Yes,,No,No,"Tax sale scheduled, Address found, Delinquent taxes",Tax Sale List,TAXSALE-096-D20044-19,https://taxsales.lgbs.com/?cause=096-D20044-19
68,Tax Sale,TAXSALE,,,6221 N Highland Cir,Haltom City,TX,76117-4879,,,TX,,,,Yes,,No,No,"Tax sale scheduled, Address found, Delinquent taxes",Tax Sale List,TAXSALE-348-D49410-25,https://taxsales.lgbs.com/?cause=348-D49410-25
68,Tax Sale,TAXSALE,,,3414 Conway St,Fort Worth,TX,76111-4611,,,TX,,,,Yes,,No,No,"Tax sale scheduled, Address found, Delinquent taxes",Tax Sale List,TAXSALE-236-D44693-24,https://taxsales.lgbs.com/?cause=236-D44693-24
68,Tax Sale,TAXSALE,,,6936 Southampton Dr,North Richland H,TX,76182-4437,,,TX,,,,Yes,,No,No,"Tax sale scheduled, Address found, Delinquent taxes",Tax Sale List,TAXSALE-342-D36012-23,https://taxsales.lgbs.com/?cause=342-D36012-23
68,Tax Sale,TAXSALE,,,1910 Eden Ave,Haltom City,TX,76117-5625,,,TX,,,,Yes,,No,No,"Tax sale scheduled, Address found, Delinquent taxes",Tax Sale List,TAXSALE-017-D49413-25,https://taxsales.lgbs.com/?cause=017-D49413-25
68,Tax Sale,TAXSALE,,,2204 Neches St,Fort Worth,TX,76106-4025,,,TX,,,,Yes,,No,No,"Tax sale scheduled, Address found, Delinquent taxes",Tax Sale List,TAXSALE-067-D31685-22,https://taxsales.lgbs.com/?cause=067-D31685-22
68,Tax Sale,TAXSALE,,,5070 Nell St,Fort Worth,TX,76119-5190,,,TX,,,,Yes,,No,No,"Tax sale scheduled, Address found, Delinquent taxes",Tax Sale List,TAXSALE-067-D42122-24,https://taxsales.lgbs.com/?cause=067-D42122-24
68,Tax Sale,TAXSALE,,,1001 Oakwood Dr,Keller,TX,76248-4002,,,TX,,,,Yes,,No,No,"Tax sale scheduled, Address found, Delinquent taxes",Tax Sale List,TAXSALE-352-D44305-24,https://taxsales.lgbs.com/?cause=352-D44305-24
68,Tax Sale,TAXSALE,,,2953 Pearl Ave,Fort Worth,TX,76106,,,TX,,,,Yes,,No,No,"Tax sale scheduled, Address found, Delinquent taxes",Tax Sale List,TAXSALE-342-D40578-24,https://taxsales.lgbs.com/?cause=342-D40578-24
68,Tax Sale,TAXSALE,,,4325 Monna St,Haltom City,TX,76117-2755,,,TX,,,,Yes,,No,No,"Tax sale scheduled, Address found, Delinquent taxes",Tax Sale List,TAXSALE-096-D49342-25,https://taxsales.lgbs.com/?cause=096-D49342-25
68,Tax Sale,TAXSALE,,,4820 Foard St,Fort Worth,TX,76119-4838,,,TX,,,,Yes,,No,No,"Tax sale scheduled, Address found, Delinquent taxes",Tax Sale List,TAXSALE-342-D46465-25,https://taxsales.lgbs.com/?cause=342-D46465-25
68,Tax Sale,TAXSALE,,,2130 Miriam Ln,Arlington,TX,76010-8011,,,TX,,,,Yes,,No,No,"Tax sale scheduled, Address found, Delinquent taxes",Tax Sale List,TAXSALE-096-D49232-25,https://taxsales.lgbs.com/?cause=096-D49232-25
68,Tax Sale,TAXSALE,,,6520 Virginia Sq,Arlington,TX,76017-4947,,,TX,,,,Yes,,No,No,"Tax sale scheduled, Address found, Delinquent taxes",Tax Sale List,TAXSALE-067-D33721-22,https://taxsales.lgbs.com/?cause=067-D33721-22
68,Tax Sale,TAXSALE,,,1810 Mccurdy St,Fort Worth,TX,76104-5911,,,TX,,,,Yes,,No,No,"Tax sale scheduled, Address found, Delinquent taxes",Tax Sale List,TAXSALE-348-D39821-24,https://taxsales.lgbs.com/?cause=348-D39821-24
68,Tax Sale,TAXSALE,,,1616 Gould Ave,Fort Worth,TX,76164-8823,,,TX,,,,Yes,,No,No,"Tax sale scheduled, Address found, Delinquent taxes",Tax Sale List,TAXSALE-141-D42900-24,https://taxsales.lgbs.com/?cause=141-D42900-24
68,Tax Sale,TAXSALE,,,1436 Norwood Dr,Hurst,TX,76053-4061,,,TX,,,,Yes,,No,No,"Tax sale scheduled, Address found, Delinquent taxes",Tax Sale List,TAXSALE-352-E31285-14,https://taxsales.lgbs.com/?cause=352-E31285-14
68,Tax Sale,TAXSALE,,,3407 Nw 27Th St,Fort Worth,TX,76106-3318,,,TX,,,,Yes,,No,No,"Tax sale scheduled, Address found, Delinquent taxes",Tax Sale List,TAXSALE-096-D48835-25,https://taxsales.lgbs.com/?cause=096-D48835-25
68,Tax Sale,TAXSALE,,,1305 E Morphy St,Fort Worth,TX,76104-5360,,,TX,,,,Yes,,No,No,"Tax sale scheduled, Address found, Delinquent taxes",Tax Sale List,TAXSALE-141-D45277-24,https://taxsales.lgbs.com/?cause=141-D45277-24
68,Tax Sale,TAXSALE,,,2351 Wesley Dr,Arlington,TX,76012,,,TX,,,,Yes,,No,No,"Tax sale scheduled, Address found, Delinquent taxes",Tax Sale List,TAXSALE-342-D31418-22,https://taxsales.lgbs.com/?cause=342-D31418-22
68,Tax Sale,TAXSALE,,,5977 Circle R Rd N,Fort Worth,TX,76140,,,TX,,,,Yes,,No,No,"Tax sale scheduled, Address found, Delinquent taxes",Tax Sale List,TAXSALE-141-D44927-24,https://taxsales.lgbs.com/?cause=141-D44927-24
68,Tax Sale,TAXSALE,,,4905 Vega Ct E,Fort Worth,TX,76133-1329,,,TX,,,,Yes,,No,No,"Tax sale scheduled, Address found, Delinquent taxes",Tax Sale List,TAXSALE-017-D49079-25,https://taxsales.lgbs.com/?cause=017-D49079-25
68,Tax Sale,TAXSALE,,,1204 Debbie St,Fort Worth,TX,76115-1719,,,TX,,,,Yes,,No,No,"Tax sale scheduled, Address found, Delinquent taxes",Tax Sale List,TAXSALE-342-D51085-26,https://taxsales.lgbs.com/?cause=342-D51085-26
68,Tax Sale,TAXSALE,,,809 S Kentucky Ave,Fort Worth,TX,76104-3609,,,TX,,,,Yes,,No,No,"Tax sale scheduled, Address found, Delinquent taxes",Tax Sale List,TAXSALE-017-D46236-25,https://taxsales.lgbs.com/?cause=017-D46236-25
68,Tax Sale,TAXSALE,,,3418 N Beach St,Haltom City,TX,76111,,,TX,,,,Yes,,No,No,"Tax sale scheduled, Address found, Delinquent taxes",Tax Sale List,TAXSALE-048-D45508-24,https://taxsales.lgbs.com/?cause=048-D45508-24
68,Tax Sale,TAXSALE,,,2821 Parmer Ave,Fort Worth,TX,76109-7705,,,TX,,,,Yes,,No,No,"Tax sale scheduled, Address found, Delinquent taxes",Tax Sale List,TAXSALE-017-D50582-26,https://taxsales.lgbs.com/?cause=017-D50582-26
68,Tax Sale,TAXSALE,,,5020 Mark Iv Pkwy,Fort Worth,TX,76106-2219,,,TX,,,,Yes,,No,No,"Tax sale scheduled, Address found, Delinquent taxes",Tax Sale List,TAXSALE-352-D29778-21,https://taxsales.lgbs.com/?cause=352-D29778-21
68,Tax Sale,TAXSALE,,,3732 Waldorf St,Fort Worth,TX,76119,,,TX,,,,Yes,,No,No,"Tax sale scheduled, Address found, Delinquent taxes",Tax Sale List,TAXSALE-348-D40574-24,https://taxsales.lgbs.com/?cause=348-D40574-24
68,Tax Sale,TAXSALE,,,5337 Flamingo Rd,Fort Worth,TX,76119-6205,,,TX,,,,Yes,,No,No,"Tax sale scheduled, Address found, Delinquent taxes",Tax Sale List,TAXSALE-067-D39730-24,https://taxsales.lgbs.com/?cause=067-D39730-24
68,Tax Sale,TAXSALE,,,1052 E Oleander St,Fort Worth,TX,76104,,,TX,,,,Yes,,No,No,"Tax sale scheduled, Address found, Delinquent taxes",Tax Sale List,TAXSALE-048-D37382-23,https://taxsales.lgbs.com/?cause=048-D37382-23
68,Tax Sale,TAXSALE,,,1799 Rosie Ln,Mansfield,TX,76063,,,TX,,,,Yes,,No,No,"Tax sale scheduled, Address found, Delinquent taxes",Tax Sale List,TAXSALE-348-D27100-21,https://taxsales.lgbs.com/?cause=348-D27100-21
68,Tax Sale,TAXSALE,,,7740 Oak Dr,Mansfield,TX,76063-4617,,,TX,,,,Yes,,No,No,"Tax sale scheduled, Address found, Delinquent taxes",Tax Sale List,TAXSALE-067-D45455-24,https://taxsales.lgbs.com/?cause=067-D45455-24
68,Tax Sale,TAXSALE,,,4401 Windwillow Ct,Fort Worth,TX,76137-1207,,,TX,,,,Yes,,No,No,"Tax sale scheduled, Address found, Delinquent taxes",Tax Sale List,TAXSALE-017-D48529-25,https://taxsales.lgbs.com/?cause=017-D48529-25
68,Tax Sale,TAXSALE,,,1812 S Main St,Fort Worth,TX,76110,,,TX,,,,Yes,,No,No,"Tax sale scheduled, Address found, Delinquent taxes",Tax Sale List,TAXSALE-096-D46079-25,https://taxsales.lgbs.com/?cause=096-D46079-25
68,Tax Sale,TAXSALE,,,655 May St,Fort Worth,TX,76104,,,TX,,,,Yes,,No,No,"Tax sale scheduled, Address found, Delinquent taxes",Tax Sale List,TAXSALE-352-D43868-24,https://taxsales.lgbs.com/?cause=352-D43868-24
68,Tax Sale,TAXSALE,,,308 W Cannon St,Fort Worth,TX,76104-3303,,,TX,,,,Yes,,No,No,"Tax sale scheduled, Address found, Delinquent taxes",Tax Sale List,TAXSALE-352-D43868-24,https://taxsales.lgbs.com/?cause=352-D43868-24
68,Tax Sale,TAXSALE,,,1256 Leanne Ct,Kennedale,TX,76060-6036,,,TX,,,,Yes,,No,No,"Tax sale scheduled, Address found, Delinquent taxes",Tax Sale List,TAXSALE-017-D45510-24,https://taxsales.lgbs.com/?cause=017-D45510-24
68,Tax Sale,TAXSALE,,,2701 Race St,Fort Worth,TX,76111-2418,,,TX,,,,Yes,,No,No,"Tax sale scheduled, Address found, Delinquent taxes",Tax Sale List,TAXSALE-067-D16265-18,https://taxsales.lgbs.com/?cause=067-D16265-18
68,Tax Sale,TAXSALE,,,1180 Mansfield Ave,Fort Worth,TX,76104,,,TX,,,,Yes,,No,No,"Tax sale scheduled, Address found, Delinquent taxes",Tax Sale List,TAXSALE-017-D44489-24,https://taxsales.lgbs.com/?cause=017-D44489-24
68,Tax Sale,TAXSALE,,,902 Nw 28Th St,Fort Worth,TX,76164-7027,,,TX,,,,Yes,,No,No,"Tax sale scheduled, Address found, Delinquent taxes",Tax Sale List,TAXSALE-342-D46265-25,https://taxsales.lgbs.com/?cause=342-D46265-25
68,Tax Sale,TAXSALE,,,1121 E Fogg St,Fort Worth,TX,76115,,,TX,,,,Yes,,No,No,"Tax sale scheduled, Address found, Delinquent taxes",Tax Sale List,TAXSALE-017-D44489-24,https://taxsales.lgbs.com/?cause=017-D44489-24
68,Tax Sale,TAXSALE,,,1121 E Fogg St,Fort Worth,TX,76115,,,TX,,,,Yes,,No,No,"Tax sale scheduled, Address found, Delinquent taxes",Tax Sale List,TAXSALE-017-D44489-24,https://taxsales.lgbs.com/?cause=017-D44489-24
68,Tax Sale,TAXSALE,,,1121 E Fogg St,Fort Worth,TX,76115,,,TX,,,,Yes,,No,No,"Tax sale scheduled, Address found, Delinquent taxes",Tax Sale List,TAXSALE-017-D44489-24,https://taxsales.lgbs.com/?cause=017-D44489-24
68,Tax Sale,TAXSALE,,,1121 E Fogg St,Fort Worth,TX,76115,,,TX,,,,Yes,,No,No,"Tax sale scheduled, Address found, Delinquent taxes",Tax Sale List,TAXSALE-017-D44489-24,https://taxsales.lgbs.com/?cause=017-D44489-24
68,Tax Sale,TAXSALE,,,1121 E Fogg St,Fort Worth,TX,76115,,,TX,,,,Yes,,No,No,"Tax sale scheduled, Address found, Delinquent taxes",Tax Sale List,TAXSALE-017-D44489-24,https://taxsales.lgbs.com/?cause=017-D44489-24
68,Tax Sale,TAXSALE,,,1117 E Fogg St,Fort Worth,TX,76115,,,TX,,,,Yes,,No,No,"Tax sale scheduled, Address found, Delinquent taxes",Tax Sale List,TAXSALE-017-D44489-24,https://taxsales.lgbs.com/?cause=017-D44489-24
68,Tax Sale,TAXSALE,,,1103 E Fogg St,Fort Worth,TX,76115,,,TX,,,,Yes,,No,No,"Tax sale scheduled, Address found, Delinquent taxes",Tax Sale List,TAXSALE-017-D44489-24,https://taxsales.lgbs.com/?cause=017-D44489-24
68,Tax Sale,TAXSALE,,,1101 E Fogg St,Fort Worth,TX,76115,,,TX,,,,Yes,,No,No,"Tax sale scheduled, Address found, Delinquent taxes",Tax Sale List,TAXSALE-017-D44489-24,https://taxsales.lgbs.com/?cause=017-D44489-24
68,Tax Sale,TAXSALE,,,5531 Highway 287,Arlington,TX,76017,,,TX,,,,Yes,,No,No,"Tax sale scheduled, Address found, Delinquent taxes",Tax Sale List,TAXSALE-E04347-90,https://taxsales.lgbs.com/?cause=E04347-90
68,Tax Sale,TAXSALE,,,6601 Big Springs Dr,Arlington,TX,76001,,,TX,,,,Yes,,No,No,"Tax sale scheduled, Address found, Delinquent taxes",Tax Sale List,TAXSALE-E01880-89,https://taxsales.lgbs.com/?cause=E01880-89
68,Tax Sale,TAXSALE,,,6603 Big Springs Dr,Arlington,TX,76001,,,TX,,,,Yes,,No,No,"Tax sale scheduled, Address found, Delinquent taxes",Tax Sale List,TAXSALE-E01881-89,https://taxsales.lgbs.com/?cause=E01881-89
68,Tax Sale,TAXSALE,,,406 S Race St,Everman,TX,76140,,,TX,,,,Yes,,No,No,"Tax sale scheduled, Address found, Delinquent taxes",Tax Sale List,TAXSALE-048-D46891-25,https://taxsales.lgbs.com/?cause=048-D46891-25
68,Tax Sale,TAXSALE,,,408 S Race St,Everman,TX,76140,,,TX,,,,Yes,,No,No,"Tax sale scheduled, Address found, Delinquent taxes",Tax Sale List,TAXSALE-048-D46891-25,https://taxsales.lgbs.com/?cause=048-D46891-25
68,Tax Sale,TAXSALE,,,408 King St,Everman,TX,76140,,,TX,,,,Yes,,No,No,"Tax sale scheduled, Address found, Delinquent taxes",Tax Sale List,TAXSALE-048-D46891-25,https://taxsales.lgbs.com/?cause=048-D46891-25
68,Tax Sale,TAXSALE,,,406 King St,Everman,TX,76140,,,TX,,,,Yes,,No,No,"Tax sale scheduled, Address found, Delinquent taxes",Tax Sale List,TAXSALE-048-D46891-25,https://taxsales.lgbs.com/?cause=048-D46891-25
68,Tax Sale,TAXSALE,,,404 King St,Everman,TX,76140,,,TX,,,,Yes,,No,No,"Tax sale scheduled, Address found, Delinquent taxes",Tax Sale List,TAXSALE-048-D46891-25,https://taxsales.lgbs.com/?cause=048-D46891-25
68,Tax Sale,TAXSALE,,,5501 Como Dr,Fort Worth,TX,76107-7413,,,TX,,,,Yes,,No,No,"Tax sale scheduled, Address found, Delinquent taxes",Tax Sale List,TAXSALE-017-D40891-24,https://taxsales.lgbs.com/?cause=017-D40891-24
68,Tax Sale,TAXSALE,,,7416 Monterrey Dr,Fort Worth,TX,76112-5409,,,TX,,,,Yes,,No,No,"Tax sale scheduled, Address found, Delinquent taxes",Tax Sale List,TAXSALE-096-D39833-24,https://taxsales.lgbs.com/?cause=096-D39833-24
68,Tax Sale,TAXSALE,,,1209 W Sublett Rd,Arlington,TX,76017,,,TX,,,,Yes,,No,No,"Tax sale scheduled, Address found, Delinquent taxes",Tax Sale List,TAXSALE-236-D35360-23,https://taxsales.lgbs.com/?cause=236-D35360-23
68,Tax Sale,TAXSALE,,,4924 Eastland St,Fort Worth,TX,76119,,,TX,,,,Yes,,No,No,"Tax sale scheduled, Address found, Delinquent taxes",Tax Sale List,TAXSALE-342-D50744-26,https://taxsales.lgbs.com/?cause=342-D50744-26
68,Tax Sale,TAXSALE,,,4308 Hilldale Rd,Fort Worth,TX,76119,,,TX,,,,Yes,,No,No,"Tax sale scheduled, Address found, Delinquent taxes",Tax Sale List,TAXSALE-067-D46038-25,https://taxsales.lgbs.com/?cause=067-D46038-25
68,Tax Sale,TAXSALE,,,2422 Wildbriar Dr,Arlington,TX,76014-1850,,,TX,,,,Yes,,No,No,"Tax sale scheduled, Address found, Delinquent taxes",Tax Sale List,TAXSALE-048-D49143-25,https://taxsales.lgbs.com/?cause=048-D49143-25
68,Tax Sale,TAXSALE,,,844 E Arlington Ave,Fort Worth,TX,76104,,,TX,,,,Yes,,No,No,"Tax sale scheduled, Address found, Delinquent taxes",Tax Sale List,TAXSALE-352-D46364-25,https://taxsales.lgbs.com/?cause=352-D46364-25
68,Tax Sale,TAXSALE,,,5521 Highway 287,Arlington,TX,76017,,,TX,,,,Yes,,No,No,"Tax sale scheduled, Address found, Delinquent taxes",Tax Sale List,TAXSALE-L12459-95,https://taxsales.lgbs.com/?cause=L12459-95
68,Tax Sale,TAXSALE,,,1500D Avenue E,Fort Worth,TX,76104-5409,,,TX,,,,Yes,,No,No,"Tax sale scheduled, Address found, Delinquent taxes",Tax Sale List,TAXSALE-017-D44489-24,https://taxsales.lgbs.com/?cause=017-D44489-24
68,Tax Sale,TAXSALE,,Gamboa Horacio M,1941 Briarwood Dr,Grand Prairie,TX,75050,2234 Ivanhoe Cir,Grand Prairie,TX,75050,,"$55,200",Yes,,No,No,"Tax sale scheduled, Address found, Delinquent taxes",Tax Sale List,TAXSALE-352-D32061-22,https://taxsales.lgbs.com/?cause=352-D32061-22
68,Tax Sale,TAXSALE,,,1943 S Main St,Fort Worth,TX,76110,,,TX,,,,Yes,,No,No,"Tax sale scheduled, Address found, Delinquent taxes",Tax Sale List,TAXSALE-096-D20044-19,https://taxsales.lgbs.com/?cause=096-D20044-19
68,Tax Sale,TAXSALE,,,209 Eva Pl,Rockwall,TX,75032,,,TX,,18445.81,,Yes,"18,445.81",No,No,"Tax sale scheduled, Address found, Delinquent taxes",Tax Sale List,TAXSALE-3-22-0028,https://taxsales.lgbs.com/?cause=3-22-0028
68,Tax Sale,TAXSALE,,,1015 E Humbolt St,Fort Worth,TX,76104-3720,,,TX,,,,Yes,,No,No,"Tax sale scheduled, Address found, Delinquent taxes",Tax Sale List,TAXSALE-352-D35204-23,https://taxsales.lgbs.com/?cause=352-D35204-23
68,Tax Sale,TAXSALE,,,3319 Littlejohn Ave,Fort Worth,TX,76105,,,TX,,,,Yes,,No,No,"Tax sale scheduled, Address found, Delinquent taxes",Tax Sale List,TAXSALE-017-D28152-21,https://taxsales.lgbs.com/?cause=017-D28152-21
68,Tax Sale,TAXSALE,,,213 Magellan Cir,Ferris,TX,75125,,,TX,,5849.04,,Yes,"5,849.04",No,No,"Tax sale scheduled, Address found, Delinquent taxes",Tax Sale List,TAXSALE-20626TX,https://taxsales.lgbs.com/?cause=20626TX
68,Tax Sale,TAXSALE,,,5964 Riverbend Pkwy,Fort Worth,TX,76112,,,TX,,,,Yes,,No,No,"Tax sale scheduled, Address found, Delinquent taxes",Tax Sale List,TAXSALE-017-D29920-21,https://taxsales.lgbs.com/?cause=017-D29920-21
68,Tax Sale,TAXSALE,,,901 Meadow Oaks Dr,Arlington,TX,76010-1929,,,TX,,,,Yes,,No,No,"Tax sale scheduled, Address found, Delinquent taxes",Tax Sale List,TAXSALE-017-D40413-24,https://taxsales.lgbs.com/?cause=017-D40413-24
68,Tax Sale,TAXSALE,,,7760 Blue Mound Rd,Fort Worth,TX,76131-3516,,,TX,,,,Yes,,No,No,"Tax sale scheduled, Address found, Delinquent taxes",Tax Sale List,TAXSALE-153-D27340-21,https://taxsales.lgbs.com/?cause=153-D27340-21
68,Tax Sale,TAXSALE,,,11970 S Pipeline Rd,Euless,TX,76040,,,TX,,,,Yes,,No,No,"Tax sale scheduled, Address found, Delinquent taxes",Tax Sale List,TAXSALE-348-D13645-17,https://taxsales.lgbs.com/?cause=348-D13645-17
68,Tax Sale,TAXSALE,,,3001 Loving Ave,Fort Worth,TX,76106,,,TX,,,,Yes,,No,No,"Tax sale scheduled, Address found, Delinquent taxes",Tax Sale List,TAXSALE-017-D44489-24,https://taxsales.lgbs.com/?cause=017-D44489-24
68,Tax Sale,TAXSALE,,,3005 Columbus Ave,Fort Worth,TX,76106,,,TX,,,,Yes,,No,No,"Tax sale scheduled, Address found, Delinquent taxes",Tax Sale List,TAXSALE-017-D44489-24,https://taxsales.lgbs.com/?cause=017-D44489-24
68,Tax Sale,TAXSALE,,,2957 Columbus Ave,Fort Worth,TX,76106,,,TX,,,,Yes,,No,No,"Tax sale scheduled, Address found, Delinquent taxes",Tax Sale List,TAXSALE-017-D44489-24,https://taxsales.lgbs.com/?cause=017-D44489-24
68,Tax Sale,TAXSALE,,,2504 E Belknap St,Fort Worth,TX,76111,,,TX,,,,Yes,,No,No,"Tax sale scheduled, Address found, Delinquent taxes",Tax Sale List,TAXSALE-342-D28532-21,https://taxsales.lgbs.com/?cause=342-D28532-21
68,Tax Sale,TAXSALE,,,3105 Azle Ave,Fort Worth,TX,76106-4914,,,TX,,,,Yes,,No,No,"Tax sale scheduled, Address found, Delinquent taxes",Tax Sale List,TAXSALE-096-D43560-24,https://taxsales.lgbs.com/?cause=096-D43560-24
68,Tax Sale,TAXSALE,,,3520 Avenue M,Fort Worth,TX,76105-3410,,,TX,,,,Yes,,No,No,"Tax sale scheduled, Address found, Delinquent taxes",Tax Sale List,TAXSALE-017-D49674-25,https://taxsales.lgbs.com/?cause=017-D49674-25
68,Tax Sale,TAXSALE,,,968 Elmwood Ave,Fort Worth,TX,76104-7529,,,TX,,,,Yes,,No,No,"Tax sale scheduled, Address found, Delinquent taxes",Tax Sale List,TAXSALE-342-D49590-25,https://taxsales.lgbs.com/?cause=342-D49590-25
68,Tax Sale,TAXSALE,,,1718 Princess Pl,Arlington,TX,76014-1548,,,TX,,,,Yes,,No,No,"Tax sale scheduled, Address found, Delinquent taxes",Tax Sale List,TAXSALE-096-D39883-24,https://taxsales.lgbs.com/?cause=096-D39883-24
68,Tax Sale,TAXSALE,,,5309 Hidden Oaks Ln,Arlington,TX,76017,,,TX,,,,Yes,,No,No,"Tax sale scheduled, Address found, Delinquent taxes",Tax Sale List,TAXSALE-342-D23164-19,https://taxsales.lgbs.com/?cause=342-D23164-19
68,Tax Sale,TAXSALE,,,1234 W Fuller Ave,Fort Worth,TX,76115-3201,,,TX,,,,Yes,,No,No,"Tax sale scheduled, Address found, Delinquent taxes",Tax Sale List,TAXSALE-096-D49305-25,https://taxsales.lgbs.com/?cause=096-D49305-25
68,Tax Sale,TAXSALE,,,4013 Zwolle St,Fort Worth,TX,76106-4128,,,TX,,,,Yes,,No,No,"Tax sale scheduled, Address found, Delinquent taxes",Tax Sale List,TAXSALE-048-D38569-23,https://taxsales.lgbs.com/?cause=048-D38569-23
68,Tax Sale,TAXSALE,,Ingram Craig & Lee Ann,1St,Ferris,TX,75125,1220 N 1St St,Garland,TX,75040,7000.0,"$171,990",Yes,"7,000.00",No,No,"Tax sale scheduled, Address found, Delinquent taxes",Tax Sale List,TAXSALE-20826TX,https://taxsales.lgbs.com/?cause=20826TX
68,Tax Sale,TAXSALE,,,6420 Vel Dr,Fort Worth,TX,76112-8038,,,TX,,,,Yes,,No,No,"Tax sale scheduled, Address found, Delinquent taxes",Tax Sale List,TAXSALE-153-D38412-23,https://taxsales.lgbs.com/?cause=153-D38412-23
68,Tax Sale,TAXSALE,,,2005 Camden Ct,Arlington,TX,76013-4802,,,TX,,,,Yes,,No,No,"Tax sale scheduled, Address found, Delinquent taxes",Tax Sale List,TAXSALE-141-D49273-25,https://taxsales.lgbs.com/?cause=141-D49273-25
68,Tax Sale,TAXSALE,,,8124 Odell St,North Richland H,TX,76182-3544,,,TX,,,,Yes,,No,No,"Tax sale scheduled, Address found, Delinquent taxes",Tax Sale List,TAXSALE-048-D49471-25,https://taxsales.lgbs.com/?cause=048-D49471-25
68,Tax Sale,TAXSALE,,,1605 Darlene Ln,Arlington,TX,76010-5908,,,TX,,,,Yes,,No,No,"Tax sale scheduled, Address found, Delinquent taxes",Tax Sale List,TAXSALE-048-D08539-16,https://taxsales.lgbs.com/?cause=048-D08539-16
68,Tax Sale,TAXSALE,,,1118 Providence Ct,Arlington,TX,76015-3592,,,TX,,,,Yes,,No,No,"Tax sale scheduled, Address found, Delinquent taxes",Tax Sale List,TAXSALE-048-D43342-24,https://taxsales.lgbs.com/?cause=048-D43342-24
68,Tax Sale,TAXSALE,,,1111 Pinehurst Ct,Mansfield,TX,76063-2653,,,TX,,,,Yes,,No,No,"Tax sale scheduled, Address found, Delinquent taxes",Tax Sale List,TAXSALE-096-D43662-24,https://taxsales.lgbs.com/?cause=096-D43662-24
68,Tax Sale,TAXSALE,,,3737 Bryan Ave,Fort Worth,TX,76110-5406,,,TX,,,,Yes,,No,No,"Tax sale scheduled, Address found, Delinquent taxes",Tax Sale List,TAXSALE-236-D45347-24,https://taxsales.lgbs.com/?cause=236-D45347-24
68,Tax Sale,TAXSALE,,,2415 Wildbriar Dr,Arlington,TX,76014-1807,,,TX,,,,Yes,,No,No,"Tax sale scheduled, Address found, Delinquent taxes",Tax Sale List,TAXSALE-048-D49056-25,https://taxsales.lgbs.com/?cause=048-D49056-25
68,Tax Sale,TAXSALE,,,1032 E Lowden St,Fort Worth,TX,76104-7229,,,TX,,,,Yes,,No,No,"Tax sale scheduled, Address found, Delinquent taxes",Tax Sale List,TAXSALE-067-D45305-24,https://taxsales.lgbs.com/?cause=067-D45305-24
68,Tax Sale,TAXSALE,,,5805 Baylor St,Fort Worth,TX,76119,,,TX,,,,Yes,,No,No,"Tax sale scheduled, Address found, Delinquent taxes",Tax Sale List,TAXSALE-342-D46251-25,https://taxsales.lgbs.com/?cause=342-D46251-25
68,Tax Sale,TAXSALE,,,1213 Woodland Ave,Fort Worth,TX,76110-3972,,,TX,,,,Yes,,No,No,"Tax sale scheduled, Address found, Delinquent taxes",Tax Sale List,TAXSALE-048-D27834-21,https://taxsales.lgbs.com/?cause=048-D27834-21
68,Tax Sale,TAXSALE,,,3509 Hemphill St,Fort Worth,TX,76110-5212,,,TX,,,,Yes,,No,No,"Tax sale scheduled, Address found, Delinquent taxes",Tax Sale List,TAXSALE-342-D41834-24,https://taxsales.lgbs.com/?cause=342-D41834-24
68,Tax Sale,TAXSALE,,,1329 W Drew St,Fort Worth,TX,76110-6126,,,TX,,,,Yes,,No,No,"Tax sale scheduled, Address found, Delinquent taxes",Tax Sale List,TAXSALE-342-D49172-25,https://taxsales.lgbs.com/?cause=342-D49172-25
68,Tax Sale,TAXSALE,,,1622 W Risinger Rd,Fort Worth,TX,76134,,,TX,,,,Yes,,No,No,"Tax sale scheduled, Address found, Delinquent taxes",Tax Sale List,TAXSALE-141-D29926-21,https://taxsales.lgbs.com/?cause=141-D29926-21
68,Tax Sale,TAXSALE,,,1611 W Risinger Rd,Fort Worth,TX,76134,,,TX,,,,Yes,,No,No,"Tax sale scheduled, Address found, Delinquent taxes",Tax Sale List,TAXSALE-048-D30724-21,https://taxsales.lgbs.com/?cause=048-D30724-21
68,Tax Sale,TAXSALE,,,9445 Claudia Dr,Fort Worth,TX,76134,,,TX,,,,Yes,,No,No,"Tax sale scheduled, Address found, Delinquent taxes",Tax Sale List,TAXSALE-096-D30725-21,https://taxsales.lgbs.com/?cause=096-D30725-21
68,Tax Sale,TAXSALE,,,1660 W Risinger Rd,Fort Worth,TX,76134,,,TX,,,,Yes,,No,No,"Tax sale scheduled, Address found, Delinquent taxes",Tax Sale List,TAXSALE-352-D27836-21,https://taxsales.lgbs.com/?cause=352-D27836-21
68,Tax Sale,TAXSALE,,,220 E Spurgeon St,Fort Worth,TX,76115-3542,,,TX,,,,Yes,,No,No,"Tax sale scheduled, Address found, Delinquent taxes",Tax Sale List,TAXSALE-096-D49137-25,https://taxsales.lgbs.com/?cause=096-D49137-25
68,Tax Sale,TAXSALE,,,5905 Jennie Dr,Fort Worth,TX,76133-2412,,,TX,,,,Yes,,No,No,"Tax sale scheduled, Address found, Delinquent taxes",Tax Sale List,TAXSALE-352-D49255-25,https://taxsales.lgbs.com/?cause=352-D49255-25
68,Tax Sale,TAXSALE,,,4029 Cypress Gardens Dr,Fort Worth,TX,76123-1441,,,TX,,,,Yes,,No,No,"Tax sale scheduled, Address found, Delinquent taxes",Tax Sale List,TAXSALE-236-D14261-17,https://taxsales.lgbs.com/?cause=236-D14261-17
68,Tax Sale,TAXSALE,,,4009 Pecos St,Fort Worth,TX,76119,,,TX,,,,Yes,,No,No,"Tax sale scheduled, Address found, Delinquent taxes",Tax Sale List,TAXSALE-236-D44582-24,https://taxsales.lgbs.com/?cause=236-D44582-24
68,Tax Sale,TAXSALE,,,416 Billy Creek Cir,Hurst,TX,76053-6364,,,TX,,,,Yes,,No,No,"Tax sale scheduled, Address found, Delinquent taxes",Tax Sale List,TAXSALE-048-D16127-18,https://taxsales.lgbs.com/?cause=048-D16127-18
68,Tax Sale,TAXSALE,,,2938 Hunting Dr,Fort Worth,TX,76119,,,TX,,,,Yes,,No,No,"Tax sale scheduled, Address found, Delinquent taxes",Tax Sale List,TAXSALE-017-D17396-18,https://taxsales.lgbs.com/?cause=017-D17396-18
68,Tax Sale,TAXSALE,,,1033 E Vickery Blvd,Fort Worth,TX,76104,,,TX,,,,Yes,,No,No,"Tax sale scheduled, Address found, Delinquent taxes",Tax Sale List,TAXSALE-017-D24586-20,https://taxsales.lgbs.com/?cause=017-D24586-20
68,Tax Sale,TAXSALE,,,1314 E Humbolt St,Fort Worth,TX,76104,,,TX,,,,Yes,,No,No,"Tax sale scheduled, Address found, Delinquent taxes",Tax Sale List,TAXSALE-236-D45999-25,https://taxsales.lgbs.com/?cause=236-D45999-25
68,Tax Sale,TAXSALE,,,2904 S Wesleyan Dr,Fort Worth,TX,76105-4741,,,TX,,,,Yes,,No,No,"Tax sale scheduled, Address found, Delinquent taxes",Tax Sale List,TAXSALE-236-D39785-24,https://taxsales.lgbs.com/?cause=236-D39785-24
68,Tax Sale,TAXSALE,,,5217 Dunbar St,Fort Worth,TX,76105,,,TX,,,,Yes,,No,No,"Tax sale scheduled, Address found, Delinquent taxes",Tax Sale List,TAXSALE-348-D46491-25,https://taxsales.lgbs.com/?cause=348-D46491-25
68,Tax Sale,TAXSALE,,,1929 S Main St,Fort Worth,TX,76110,,,TX,,,,Yes,,No,No,"Tax sale scheduled, Address found, Delinquent taxes",Tax Sale List,TAXSALE-096-D20044-19,https://taxsales.lgbs.com/?cause=096-D20044-19
68,Tax Sale,TAXSALE,,,724 Nightingale Cir,Mansfield,TX,76063-1588,,,TX,,,,Yes,,No,No,"Tax sale scheduled, Address found, Delinquent taxes",Tax Sale List,TAXSALE-017-D43700-24,https://taxsales.lgbs.com/?cause=017-D43700-24
68,Tax Sale,TAXSALE,,,11408 Mosier Valley Rd,Euless,TX,76040-7716,,,TX,,,,Yes,,No,No,"Tax sale scheduled, Address found, Delinquent taxes",Tax Sale List,TAXSALE-153-D43811-24,https://taxsales.lgbs.com/?cause=153-D43811-24
68,Tax Sale,TAXSALE,,,924 Springfield St,Fort Worth,TX,76112-6843,,,TX,,,,Yes,,No,No,"Tax sale scheduled, Address found, Delinquent taxes",Tax Sale List,TAXSALE-342-D50310-25,https://taxsales.lgbs.com/?cause=342-D50310-25
68,Tax Sale,TAXSALE,,,3001 Hanna Ave,Fort Worth,TX,76106-5429,,,TX,,,,Yes,,No,No,"Tax sale scheduled, Address found, Delinquent taxes",Tax Sale List,TAXSALE-352-D40954-24,https://taxsales.lgbs.com/?cause=352-D40954-24
68,Tax Sale,TAXSALE,,,19 Spring Creek Cir,Grand Prairie,TX,75054-6716,,,TX,,,,Yes,,No,No,"Tax sale scheduled, Address found, Delinquent taxes",Tax Sale List,TAXSALE-067-D42598-24,https://taxsales.lgbs.com/?cause=067-D42598-24
68,Tax Sale,TAXSALE,,,7233 Pecan Ct,Mansfield,TX,76063-4923,,,TX,,,,Yes,,No,No,"Tax sale scheduled, Address found, Delinquent taxes",Tax Sale List,TAXSALE-141-D30600-21,https://taxsales.lgbs.com/?cause=141-D30600-21
68,Tax Sale,TAXSALE,,,2705 Quinn St,Fort Worth,TX,76105-3032,,,TX,,,,Yes,,No,No,"Tax sale scheduled, Address found, Delinquent taxes",Tax Sale List,TAXSALE-153-D40225-24,https://taxsales.lgbs.com/?cause=153-D40225-24
68,Tax Sale,TAXSALE,,,6244 Vel Dr,Fort Worth,TX,76112-8060,,,TX,,,,Yes,,No,No,"Tax sale scheduled, Address found, Delinquent taxes",Tax Sale List,TAXSALE-342-D50606-26,https://taxsales.lgbs.com/?cause=342-D50606-26
68,Tax Sale,TAXSALE,,,Koller Rd,Combine,TX,,,,TX,,9786.56,,Yes,"9,786.56",No,No,"Tax sale scheduled, Address found, Delinquent taxes",Tax Sale List,TAXSALE-105006-CC2,https://taxsales.lgbs.com/?cause=105006-CC2
68,Tax Sale,TAXSALE,,,5004 Darrow Ln,Arlington,TX,76017-2327,,,TX,,,,Yes,,No,No,"Tax sale scheduled, Address found, Delinquent taxes",Tax Sale List,TAXSALE-017-D15675-17,https://taxsales.lgbs.com/?cause=017-D15675-17
68,Tax Sale,TAXSALE,,,3302 Hutchinson St,Fort Worth,TX,76106-6315,,,TX,,,,Yes,,No,No,"Tax sale scheduled, Address found, Delinquent taxes",Tax Sale List,TAXSALE-348-D45205-24,https://taxsales.lgbs.com/?cause=348-D45205-24
68,Tax Sale,TAXSALE,,,1509 Carswell Ter,Arlington,TX,76010-4510,,,TX,,,,Yes,,No,No,"Tax sale scheduled, Address found, Delinquent taxes",Tax Sale List,TAXSALE-017-D23777-20,https://taxsales.lgbs.com/?cause=017-D23777-20
68,Tax Sale,TAXSALE,,,2420 Ross Ave,Fort Worth,TX,76164-8176,,,TX,,,,Yes,,No,No,"Tax sale scheduled, Address found, Delinquent taxes",Tax Sale List,TAXSALE-067-D46708-25,https://taxsales.lgbs.com/?cause=067-D46708-25
68,Tax Sale,TAXSALE,,,3121 Clinton Ave,Fort Worth,TX,76106-5840,,,TX,,,,Yes,,No,No,"Tax sale scheduled, Address found, Delinquent taxes",Tax Sale List,TAXSALE-096-D44109-24,https://taxsales.lgbs.com/?cause=096-D44109-24
68,Tax Sale,TAXSALE,,,3611 N Terry St,Fort Worth,TX,76106-4480,,,TX,,,,Yes,,No,No,"Tax sale scheduled, Address found, Delinquent taxes",Tax Sale List,TAXSALE-236-D44775-24,https://taxsales.lgbs.com/?cause=236-D44775-24
68,Tax Sale,TAXSALE,,,Moore Ave,Terrell,TX,75160,,,TX,,8635.62,,Yes,"8,635.62",No,No,"Tax sale scheduled, Address found, Delinquent taxes",Tax Sale List,TAXSALE-93350-422,https://taxsales.lgbs.com/?cause=93350-422
68,Tax Sale,TAXSALE,,,516 Colvin St,Fort Worth,TX,76104-6415,,,TX,,,,Yes,,No,No,"Tax sale scheduled, Address found, Delinquent taxes",Tax Sale List,TAXSALE-141-D27677-21,https://taxsales.lgbs.com/?cause=141-D27677-21
68,Tax Sale,TAXSALE,,,7308 Wesley Ct,North Richland H,TX,76180-6106,,,TX,,,,Yes,,No,No,"Tax sale scheduled, Address found, Delinquent taxes",Tax Sale List,TAXSALE-153-D37687-23,https://taxsales.lgbs.com/?cause=153-D37687-23
68,Tax Sale,TAXSALE,,Johnson Eric & Pauline Werline,113 North St,Grand Prairie,TX,75050-5730,113 North St,Grand Prairie,TX,75050,,"$221,090",Yes,,No,No,"Tax sale scheduled, Address found, Delinquent taxes",Tax Sale List,TAXSALE-TX-18-01930,https://taxsales.lgbs.com/?cause=TX-18-01930
68,Tax Sale,TAXSALE,,,4508 Richardson St,Fort Worth,TX,76119-2080,,,TX,,,,Yes,,No,No,"Tax sale scheduled, Address found, Delinquent taxes",Tax Sale List,TAXSALE-348-D46395-25,https://taxsales.lgbs.com/?cause=348-D46395-25
68,Tax Sale,TAXSALE,,Johnson D C,1645 Starks Ave,Dallas,TX,75215-4926,5721 Everglade Rd,Dallas,TX,75227,12769.53,"$150,130",Yes,"12,769.53",No,No,"Tax sale scheduled, Address found, Delinquent taxes",Tax Sale List,TAXSALE-TX-21-01004,https://taxsales.lgbs.com/?cause=TX-21-01004
68,Tax Sale,TAXSALE,,,6735 Park Place Dr,Richland Hills,TX,76118-6214,,,TX,,,,Yes,,No,No,"Tax sale scheduled, Address found, Delinquent taxes",Tax Sale List,TAXSALE-067-D45763-25,https://taxsales.lgbs.com/?cause=067-D45763-25
68,Tax Sale,TAXSALE,,,3228 S Jennings Ave,Fort Worth,TX,76110-4021,,,TX,,,,Yes,,No,No,"Tax sale scheduled, Address found, Delinquent taxes",Tax Sale List,TAXSALE-352-D43989-24,https://taxsales.lgbs.com/?cause=352-D43989-24
68,Tax Sale,TAXSALE,,Rodriguez Juan Francisco &,2747 Marjorie Ave,Dallas,TX,75216,2747 Marjorie Ave,Dallas,TX,75216,16039.7,"$379,730",Yes,"16,039.70",No,No,"Tax sale scheduled, Address found, Delinquent taxes",Tax Sale List,TAXSALE-TX-12-50030,https://taxsales.lgbs.com/?cause=TX-12-50030
68,Tax Sale,TAXSALE,,,2516 Harvest Moon Dr,Fort Worth,TX,76123-1271,,,TX,,,,Yes,,No,No,"Tax sale scheduled, Address found, Delinquent taxes",Tax Sale List,TAXSALE-348-D37121-23,https://taxsales.lgbs.com/?cause=348-D37121-23
68,Tax Sale,TAXSALE,,,Behind James St,Terrell,TX,75160,,,TX,,10403.78,,Yes,"10,403.78",No,No,"Tax sale scheduled, Address found, Delinquent taxes",Tax Sale List,TAXSALE-98693-422,https://taxsales.lgbs.com/?cause=98693-422
68,Tax Sale,TAXSALE,,Quevedo Olivia,1846 Pollard St,Dallas,TX,75208-8112,1846 Pollard St,Dallas,TX,75208,18301.3,"$278,890",Yes,"18,301.30",No,No,"Tax sale scheduled, Address found, Delinquent taxes",Tax Sale List,TAXSALE-TX-17-00207,https://taxsales.lgbs.com/?cause=TX-17-00207
68,Tax Sale,TAXSALE,,Moreno Osvaldo,7505 Mary Dan Dr,Dallas,TX,75217-4601,2927 Nadar,Grand Prairie,TX,75054,12030.02,"$209,760",Yes,"12,030.02",No,No,"Tax sale scheduled, Address found, Delinquent taxes",Tax Sale List,TAXSALE-TX-25-00925,https://taxsales.lgbs.com/?cause=TX-25-00925
68,Tax Sale,TAXSALE,,,Moore Ave,Terrell,TX,75160,,,TX,,7945.07,,Yes,"7,945.07",No,No,"Tax sale scheduled, Address found, Delinquent taxes",Tax Sale List,TAXSALE-93350-422,https://taxsales.lgbs.com/?cause=93350-422
68,Tax Sale,TAXSALE,,Hernandez Giovanni,513 Armstrong Rd,Seagoville,TX,75159,4522 Afton St,Dallas,TX,75219,,,Yes,,No,No,"Tax sale scheduled, Address found, Delinquent taxes",Tax Sale List,TAXSALE-TX-15-00540,https://taxsales.lgbs.com/?cause=TX-15-00540
68,Tax Sale,TAXSALE,,Dallas City Of,5935 Chelsea Ave,Dallas,TX,75241,320 E Jefferson Blvd # 203,Dallas,TX,75203,14356.25,"$56,000",Yes,"14,356.25",No,No,"Tax sale scheduled, Address found, Delinquent taxes",Tax Sale List,TAXSALE-TX-22-02051,https://taxsales.lgbs.com/?cause=TX-22-02051
68,Tax Sale,TAXSALE,,Aragon Carlos,272 W Lawson Rd,Dallas,TX,75253-6233,272 W Lawson Rd,Dallas,TX,75253,9040.78,"$3,200",Yes,"9,040.78",No,No,"Tax sale scheduled, Address found, Delinquent taxes",Tax Sale List,TAXSALE-TX-13-30268,https://taxsales.lgbs.com/?cause=TX-13-30268
68,Tax Sale,TAXSALE,,Duggan Ben,1832 Piedmont St,Irving,TX,75061-6954,1832 Piedmont St,Irving,TX,75061,,"$60,000",Yes,,No,No,"Tax sale scheduled, Address found, Delinquent taxes",Tax Sale List,TAXSALE-TX-15-00827,https://taxsales.lgbs.com/?cause=TX-15-00827
68,Tax Sale,TAXSALE,,,2901 Walker St,Fort Worth,TX,76105-4417,,,TX,,,,Yes,,No,No,"Tax sale scheduled, Address found, Delinquent taxes",Tax Sale List,TAXSALE-017-D31719-22,https://taxsales.lgbs.com/?cause=017-D31719-22
68,Tax Sale,TAXSALE,,,5000 Kelly Elliott Rd,Arlington,TX,76017,,,TX,,,,Yes,,No,No,"Tax sale scheduled, Address found, Delinquent taxes",Tax Sale List,TAXSALE-348-D49078-25,https://taxsales.lgbs.com/?cause=348-D49078-25
68,Tax Sale,TAXSALE,,,4409 Village Creek Rd,Fort Worth,TX,76119-4142,,,TX,,,,Yes,,No,No,"Tax sale scheduled, Address found, Delinquent taxes",Tax Sale List,TAXSALE-017-D48135-25,https://taxsales.lgbs.com/?cause=017-D48135-25
68,Tax Sale,TAXSALE,,,3808 Gordon Ave,Fort Worth,TX,76110-4824,,,TX,,,,Yes,,No,No,"Tax sale scheduled, Address found, Delinquent taxes",Tax Sale List,TAXSALE-141-D20805-19,https://taxsales.lgbs.com/?cause=141-D20805-19
68,Tax Sale,TAXSALE,,,732 Ridgecrest Dr,Hurst,TX,76053,,,TX,,,,Yes,,No,No,"Tax sale scheduled, Address found, Delinquent taxes",Tax Sale List,TAXSALE-352-D24618-20,https://taxsales.lgbs.com/?cause=352-D24618-20
68,Tax Sale,TAXSALE,,,5210 Mansfield Hwy,Forest Hill,TX,76119-7648,,,TX,,,,Yes,,No,No,"Tax sale scheduled, Address found, Delinquent taxes",Tax Sale List,TAXSALE-236-D43210-24,https://taxsales.lgbs.com/?cause=236-D43210-24
68,Tax Sale,TAXSALE,,,5210 Mansfield Hwy,Forest Hill,TX,76119-7648,,,TX,,,,Yes,,No,No,"Tax sale scheduled, Address found, Delinquent taxes",Tax Sale List,TAXSALE-236-D43210-24,https://taxsales.lgbs.com/?cause=236-D43210-24
68,Tax Sale,TAXSALE,,Ar Med Spa,1420 N Macarthur Blvd,Irving,TX,75061-4409,Ste 102  1440 N Macarthur Blvd,Irving,TX,75061,,"$1,980",Yes,,No,No,"Tax sale scheduled, Address found, Delinquent taxes",Tax Sale List,TAXSALE-TX-16-02448,https://taxsales.lgbs.com/?cause=TX-16-02448
68,Tax Sale,TAXSALE,,Ceniceros Patricio &,93 Georgia Ln,Seagoville,TX,75159-3183,93 Georgia Ln,Seagoville,TX,75159,,"$597,670",Yes,,No,No,"Tax sale scheduled, Address found, Delinquent taxes",Tax Sale List,TAXSALE-TX-15-02373,https://taxsales.lgbs.com/?cause=TX-15-02373
68,Tax Sale,TAXSALE,,,3620 Lucy Trimble Rd,Burleson,TX,76028-3654,,,TX,,,,Yes,,No,No,"Tax sale scheduled, Address found, Delinquent taxes",Tax Sale List,TAXSALE-096-D45438-24,https://taxsales.lgbs.com/?cause=096-D45438-24
68,Tax Sale,TAXSALE,,,301 S Riverside Dr,Fort Worth,TX,76104,,,TX,,,,Yes,,No,No,"Tax sale scheduled, Address found, Delinquent taxes",Tax Sale List,TAXSALE-342-D49773-25,https://taxsales.lgbs.com/?cause=342-D49773-25
68,Tax Sale,TAXSALE,,,2213 Carverly Dr,Fort Worth,TX,76112-7616,,,TX,,,,Yes,,No,No,"Tax sale scheduled, Address found, Delinquent taxes",Tax Sale List,TAXSALE-141-D49117-25,https://taxsales.lgbs.com/?cause=141-D49117-25
68,Tax Sale,TAXSALE,,,Fm Rd 1836,Dallas,TX,,,,TX,,10952.18,,Yes,"10,952.18",No,No,"Tax sale scheduled, Address found, Delinquent taxes",Tax Sale List,TAXSALE-116492-CC2,https://taxsales.lgbs.com/?cause=116492-CC2
68,Tax Sale,TAXSALE,,Homebound Financial Group Lp,2348 Calendar Ct,Grand Prairie,TX,75050-7621,515 N Cedar Ridge Dr Ste 3,Duncanville,TX,75116,,$10,Yes,,No,No,"Tax sale scheduled, Address found, Delinquent taxes",Tax Sale List,TAXSALE-017-D32063-22,https://taxsales.lgbs.com/?cause=017-D32063-22
68,Tax Sale,TAXSALE,,Homebound Financial Group Lp,2345 Homewood Ln,Grand Prairie,TX,75050-7669,515 N Cedar Ridge Dr Ste 3,Duncanville,TX,75116,,$50,Yes,,No,No,"Tax sale scheduled, Address found, Delinquent taxes",Tax Sale List,TAXSALE-017-D32063-22,https://taxsales.lgbs.com/?cause=017-D32063-22
68,Tax Sale,TAXSALE,,,1110 S Catherine,Dallas,TX,,,,TX,,21923.88,,Yes,"21,923.88",No,No,"Tax sale scheduled, Address found, Delinquent taxes",Tax Sale List,TAXSALE-94980-CC2,https://taxsales.lgbs.com/?cause=94980-CC2
68,Tax Sale,TAXSALE,,Frette Bruce N,Bradshaw,Terrell,TX,75160,422 Bradshaw St,Cedar Hill,TX,75104,28253.03,"$245,350",Yes,"28,253.03",No,No,"Tax sale scheduled, Address found, Delinquent taxes",Tax Sale List,TAXSALE-93028-CC2,https://taxsales.lgbs.com/?cause=93028-CC2
68,Tax Sale,TAXSALE,,Pettigrew Sam W,3111 Sherwood Ave,Lancaster,TX,75134,Po Box 531286,Grand Prairie,TX,75053,,"$88,000",Yes,,No,No,"Tax sale scheduled, Address found, Delinquent taxes",Tax Sale List,TAXSALE-TX-23-00958,https://taxsales.lgbs.com/?cause=TX-23-00958
68,Tax Sale,TAXSALE,,Grand Prairie City Of,1426 Chester St,Grand Prairie,TX,75050,300 W Main St,Grand Prairie,TX,75050,9029.99,"$4,250",Yes,"9,029.99",No,No,"Tax sale scheduled, Address found, Delinquent taxes",Tax Sale List,TAXSALE-TX-19-01882,https://taxsales.lgbs.com/?cause=TX-19-01882
68,Tax Sale,TAXSALE,,Survant Louise Henrise,4332 Highland St,Lancaster,TX,75134,4332 Highland St,Lancaster,TX,75134,,"$50,000",Yes,,No,No,"Tax sale scheduled, Address found, Delinquent taxes",Tax Sale List,TAXSALE-TX-18-01191,https://taxsales.lgbs.com/?cause=TX-18-01191
68,Tax Sale,TAXSALE,,Hattley Ginna &,1001 Cedardale Rd,Lancaster,TX,75134,4024 Mehalia Dr,Dallas,TX,75241,,"$50,000",Yes,,No,No,"Tax sale scheduled, Address found, Delinquent taxes",Tax Sale List,TAXSALE-TX-16-00726,https://taxsales.lgbs.com/?cause=TX-16-00726
68,Tax Sale,TAXSALE,,Ritchie Audrey L,2717 Barlow Ave,Dallas,TX,75233,Unknown,Dallas,TX,75233,20630.09,"$40,000",Yes,"20,630.09",No,No,"Tax sale scheduled, Address found, Delinquent taxes",Tax Sale List,TAXSALE-TX-22-01706,https://taxsales.lgbs.com/?cause=TX-22-01706
68,Tax Sale,TAXSALE,,Moreno Oscar,4006 Kolloch Dr,Dallas,TX,75216-3936,4006 Kolloch Dr,Dallas,TX,75216,,"$12,800",Yes,,No,No,"Tax sale scheduled, Address found, Delinquent taxes",Tax Sale List,TAXSALE-TX-25-01609,https://taxsales.lgbs.com/?cause=TX-25-01609
68,Tax Sale,TAXSALE,,Soltes Kaylee Et Al,2431 Throckmorton St,Dallas,TX,75219,5607 Monticello Ave C/O  Richard Soltes,Dallas,TX,75206,9374.98,"$21,250",Yes,"9,374.98",No,No,"Tax sale scheduled, Address found, Delinquent taxes",Tax Sale List,TAXSALE-TX-21-01023,https://taxsales.lgbs.com/?cause=TX-21-01023
68,Tax Sale,TAXSALE,,,Mellon St,Terrell,TX,75160,,,TX,,23496.33,,Yes,"23,496.33",No,No,"Tax sale scheduled, Address found, Delinquent taxes",Tax Sale List,TAXSALE-91795-CC2,https://taxsales.lgbs.com/?cause=91795-CC2
68,Tax Sale,TAXSALE,,Johnson Milton & Ethel,3331 Zelma Ave,Dallas,TX,75237,3331 Zelma Ave,Dallas,TX,75237,10736.91,"$13,050",Yes,"10,736.91",No,No,"Tax sale scheduled, Address found, Delinquent taxes",Tax Sale List,TAXSALE-TX-23-00498,https://taxsales.lgbs.com/?cause=TX-23-00498
68,Tax Sale,TAXSALE,,,Co Rd 322,Dallas,TX,75160,,,TX,,20097.8,,Yes,"20,097.80",No,No,"Tax sale scheduled, Address found, Delinquent taxes",Tax Sale List,TAXSALE-111054-CC2,https://taxsales.lgbs.com/?cause=111054-CC2
68,Tax Sale,TAXSALE,,Vlg By Creek Homeowners,9205 Bruton Rd,Dallas,TX,75217,5622 Dyer St C/O  Principal Mgmt Group,Dallas,TX,75206,6290.0,"$6,290",Yes,"6,290.00",No,No,"Tax sale scheduled, Address found, Delinquent taxes",Tax Sale List,TAXSALE-TX-19-00741,https://taxsales.lgbs.com/?cause=TX-19-00741
68,Tax Sale,TAXSALE,,Lopez Luz Beltran &,10371 Shelburne Dr,Dallas,TX,75227-7667,10371 Shelburne Dr,Dallas,TX,75227,4071.14,"$245,500",Yes,"4,071.14",No,No,"Tax sale scheduled, Address found, Delinquent taxes",Tax Sale List,TAXSALE-TX-22-00796,https://taxsales.lgbs.com/?cause=TX-22-00796
68,Tax Sale,TAXSALE,,Radford Lola Jean Est Of,204 S Jj Lemmon St,Hutchins,TX,75141-3322,204 S Jj Lemmon Rd,Hutchins,TX,75141,,"$235,170",Yes,,No,No,"Tax sale scheduled, Address found, Delinquent taxes",Tax Sale List,TAXSALE-TX-18-01279,https://taxsales.lgbs.com/?cause=TX-18-01279
68,Tax Sale,TAXSALE,,,307 W End St,Terrell,TX,75160-3439,,,TX,,23351.37,,Yes,"23,351.37",No,No,"Tax sale scheduled, Address found, Delinquent taxes",Tax Sale List,TAXSALE-93028-CC2,https://taxsales.lgbs.com/?cause=93028-CC2
68,Tax Sale,TAXSALE,,White Virginia,1920 Morris St,Dallas,TX,75212,1920 Morris St,Dallas,TX,75212,,"$113,080",Yes,,No,No,"Tax sale scheduled, Address found, Delinquent taxes",Tax Sale List,TAXSALE-TX-06-50094,https://taxsales.lgbs.com/?cause=TX-06-50094
68,Tax Sale,TAXSALE,,Dallas City Of,4503 Wahoo St,Dallas,TX,75210-1368,320 E Jefferson Blvd # 203,Dallas,TX,75203,38825.31,"$27,780",Yes,"38,825.31",No,No,"Tax sale scheduled, Address found, Delinquent taxes",Tax Sale List,TAXSALE-TX-22-00205,https://taxsales.lgbs.com/?cause=TX-22-00205
68,Tax Sale,TAXSALE,,Robinson Shirley Ann Est Of &,4718 Gurley Ave,Dallas,TX,75223-2809,4718 Gurley Ave,Dallas,TX,75223,24091.55,"$238,080",Yes,"24,091.55",No,No,"Tax sale scheduled, Address found, Delinquent taxes",Tax Sale List,TAXSALE-TX-17-00436,https://taxsales.lgbs.com/?cause=TX-17-00436
68,Tax Sale,TAXSALE,,Bilal Jimmie L,2928 Carpenter Ave,Dallas,TX,75215,3011 Carpenter Ave,Dallas,TX,75215,9315.06,"$65,000",Yes,"9,315.06",No,No,"Tax sale scheduled, Address found, Delinquent taxes",Tax Sale List,TAXSALE-TX-20-00032,https://taxsales.lgbs.com/?cause=TX-20-00032
68,Tax Sale,TAXSALE,,Sterling Oasis Community & Economic,1125 Noah St,Dallas,TX,75203-2514,3117 Cedar Ridge Dr,Richardson,TX,75082,,"$74,080",Yes,,No,No,"Tax sale scheduled, Address found, Delinquent taxes",Tax Sale List,TAXSALE-TX-21-00136,https://taxsales.lgbs.com/?cause=TX-21-00136
68,Tax Sale,TAXSALE,,Guerrero Leo & Marie L,308 Lucille St,Irving,TX,75060-4250,209 Kittiwake Cir,Dallas,TX,75211,,"$113,020",Yes,,No,No,"Tax sale scheduled, Address found, Delinquent taxes",Tax Sale List,TAXSALE-TX-19-01862,https://taxsales.lgbs.com/?cause=TX-19-01862
68,Tax Sale,TAXSALE,,Jackson Elvis D,630 N Jefferson St,Lancaster,TX,75146-2531,3100 Blue Jay Dr,Corinth,TX,76210,38204.74,"$120,750",Yes,"38,204.74",No,No,"Tax sale scheduled, Address found, Delinquent taxes",Tax Sale List,TAXSALE-TX-22-01898,https://taxsales.lgbs.com/?cause=TX-22-01898
68,Tax Sale,TAXSALE,,Mitchell Derouens,4547 Utah Ave,Dallas,TX,75216-6850,4547 Utah Ave,Dallas,TX,75216,,"$211,850",Yes,,No,No,"Tax sale scheduled, Address found, Delinquent taxes",Tax Sale List,TAXSALE-TX-23-00622,https://taxsales.lgbs.com/?cause=TX-23-00622
68,Tax Sale,TAXSALE,,Tarrant Joan Smith,2937 Barlow Ave,Dallas,TX,75233,1809 Balla Way,Grand Prairie,TX,75051,10203.91,"$40,000",Yes,"10,203.91",No,No,"Tax sale scheduled, Address found, Delinquent taxes",Tax Sale List,TAXSALE-TX-22-01455,https://taxsales.lgbs.com/?cause=TX-22-01455
68,Tax Sale,TAXSALE,,Sanchez Eliazar & Esmeralda,8222 Arlene Ln,Dallas,TX,75217-9244,8222  Arlene Ln,Dallas,TX,75217,5574.89,"$190,790",Yes,"5,574.89",No,No,"Tax sale scheduled, Address found, Delinquent taxes",Tax Sale List,TAXSALE-TX-18-00668,https://taxsales.lgbs.com/?cause=TX-18-00668
68,Tax Sale,TAXSALE,,,8601 Gray Rock Ln.,Dallas,TX,75243,,,TX,,13935.01,,Yes,"13,935.01",No,No,"Tax sale scheduled, Address found, Delinquent taxes",Tax Sale List,TAXSALE-TX-14-40269,https://taxsales.lgbs.com/?cause=TX-14-40269
68,Tax Sale,TAXSALE,,Grand Prairie City Of,1833 Ave C,Grand Prairie,TX,75051,300 W Main St,Grand Prairie,TX,75050,14113.73,"$80,000",Yes,"14,113.73",No,No,"Tax sale scheduled, Address found, Delinquent taxes",Tax Sale List,TAXSALE-TX-22-01783,https://taxsales.lgbs.com/?cause=TX-22-01783
68,Tax Sale,TAXSALE,,Grand Prairie City Of,1829 Ave C,Grand Prairie,TX,75051,300 W Main St,Grand Prairie,TX,75050,18937.45,"$80,000",Yes,"18,937.45",No,No,"Tax sale scheduled, Address found, Delinquent taxes",Tax Sale List,TAXSALE-TX-22-01702,https://taxsales.lgbs.com/?cause=TX-22-01702
68,Tax Sale,TAXSALE,,Johnson B D,1918 Ave C,Grand Prairie,TX,75051,Rr 1 Box 266,Carrollton,TX,75007,13095.24,"$80,000",Yes,"13,095.24",No,No,"Tax sale scheduled, Address found, Delinquent taxes",Tax Sale List,TAXSALE-TX-22-01043,https://taxsales.lgbs.com/?cause=TX-22-01043
68,Tax Sale,TAXSALE,,Campbell Alta I,2735 Hudspeth Ave,Dallas,TX,75216,9909 Bruton Rd Apt 1085,Dallas,TX,75217,32989.37,"$49,000",Yes,"32,989.37",No,No,"Tax sale scheduled, Address found, Delinquent taxes",Tax Sale List,TAXSALE-TX-23-00950,https://taxsales.lgbs.com/?cause=TX-23-00950
68,Tax Sale,TAXSALE,,Mckenzie M H,2769 Prosperity Ave,Dallas,TX,75216,Rr 3,Ennis,TX,75119,20000.0,"$49,000",Yes,"20,000.00",No,No,"Tax sale scheduled, Address found, Delinquent taxes",Tax Sale List,TAXSALE-TX-23-01237,https://taxsales.lgbs.com/?cause=TX-23-01237
68,Tax Sale,TAXSALE,,Edmunds Richard,2741 Jennings Ave,Dallas,TX,75216,706 Main St Ste 101 C/O  Marvin Shwiff,Dallas,TX,75202,12450.27,"$35,000",Yes,"12,450.27",No,No,"Tax sale scheduled, Address found, Delinquent taxes",Tax Sale List,TAXSALE-TX-19-01854,https://taxsales.lgbs.com/?cause=TX-19-01854
68,Tax Sale,TAXSALE,,Edmunds Richard,2747 Jennings Ave,Dallas,TX,75216,703 Main St C/O  Marvin Shwiff,Dallas,TX,75202,12464.27,"$35,000",Yes,"12,464.27",No,No,"Tax sale scheduled, Address found, Delinquent taxes",Tax Sale List,TAXSALE-TX-19-01854,https://taxsales.lgbs.com/?cause=TX-19-01854
68,Tax Sale,TAXSALE,,Neal Marshall,2753 Jennings Ave,Dallas,TX,75216,2753 Jennings Ave,Dallas,TX,75216,12460.27,"$35,000",Yes,"12,460.27",No,No,"Tax sale scheduled, Address found, Delinquent taxes",Tax Sale List,TAXSALE-TX-19-01854,https://taxsales.lgbs.com/?cause=TX-19-01854
68,Tax Sale,TAXSALE,,Edmunds Richard,2759 Jennings Ave,Dallas,TX,75216,706 Main St C/O  Marvin Shwiff,Dallas,TX,75202,12452.17,"$35,000",Yes,"12,452.17",No,No,"Tax sale scheduled, Address found, Delinquent taxes",Tax Sale List,TAXSALE-TX-19-01854,https://taxsales.lgbs.com/?cause=TX-19-01854
68,Tax Sale,TAXSALE,,Hammork Ford L Est,2751 Fordham Rd,Dallas,TX,75216,Po Box 139 C/O  Linda Hammork-Executr,San Angelo,TX,76902,15285.94,"$52,500",Yes,"15,285.94",No,No,"Tax sale scheduled, Address found, Delinquent taxes",Tax Sale List,TAXSALE-TX-17-01495,https://taxsales.lgbs.com/?cause=TX-17-01495
68,Tax Sale,TAXSALE,,Keys Rosie,2733 Fordham Rd,Dallas,TX,75216,2762 Fordham Rd,Dallas,TX,75216,14630.2,"$42,000",Yes,"14,630.20",No,No,"Tax sale scheduled, Address found, Delinquent taxes",Tax Sale List,TAXSALE-TX-20-00712,https://taxsales.lgbs.com/?cause=TX-20-00712
68,Tax Sale,TAXSALE,,Drones Lois Odessa,2729 Fordham Rd,Dallas,TX,75216,3628 Holliday Ct,Dallas,TX,75224,24439.88,"$42,000",Yes,"24,439.88",No,No,"Tax sale scheduled, Address found, Delinquent taxes",Tax Sale List,TAXSALE-TX-22-01332,https://taxsales.lgbs.com/?cause=TX-22-01332
68,Tax Sale,TAXSALE,,Moore Roland G,2536 Cedar Crest Blvd,Dallas,TX,75203,1420 Conner Dr,Dallas,TX,75217,22389.21,"$42,000",Yes,"22,389.21",No,No,"Tax sale scheduled, Address found, Delinquent taxes",Tax Sale List,TAXSALE-TX-19-01595,https://taxsales.lgbs.com/?cause=TX-19-01595
68,Tax Sale,TAXSALE,,Conway Lisa &,4202 Aztec Dr,Dallas,TX,75216,4202 Aztec Dr,Dallas,TX,75216,,"$347,130",Yes,,No,No,"Tax sale scheduled, Address found, Delinquent taxes",Tax Sale List,TAXSALE-TX-11-50194,https://taxsales.lgbs.com/?cause=TX-11-50194
68,Tax Sale,TAXSALE,,Howard Fay T,2918 Fordham Rd,Dallas,TX,75216,1514 Fordham Rd,Dallas,TX,75216,,"$17,700",Yes,,No,No,"Tax sale scheduled, Address found, Delinquent taxes",Tax Sale List,TAXSALE-TX-22-01879,https://taxsales.lgbs.com/?cause=TX-22-01879
68,Tax Sale,TAXSALE,,Narvaiz Patrick,2803 E Overton Rd,Dallas,TX,75216,2803 E Overton Rd,Dallas,TX,75216,,"$374,370",Yes,,No,No,"Tax sale scheduled, Address found, Delinquent taxes",Tax Sale List,TAXSALE-TX-15-01604,https://taxsales.lgbs.com/?cause=TX-15-01604
68,Tax Sale,TAXSALE,,Jones Andrew,3236 Springview Ave,Dallas,TX,75216-4847,3236 Springview Ave C/O  Margie M Graves,Dallas,TX,75216,43643.98,"$154,120",Yes,"43,643.98",No,No,"Tax sale scheduled, Address found, Delinquent taxes",Tax Sale List,TAXSALE-TX-17-01430,https://taxsales.lgbs.com/?cause=TX-17-01430
68,Tax Sale,TAXSALE,,Ojeda Hilario Et At,3418 Overton Ct,Dallas,TX,75216,3711 Vandervort Dr,Dallas,TX,75216,,"$85,000",Yes,,No,No,"Tax sale scheduled, Address found, Delinquent taxes",Tax Sale List,TAXSALE-TX-09-50089,https://taxsales.lgbs.com/?cause=TX-09-50089
68,Tax Sale,TAXSALE,,Dallas City Of,3736 Armor Dr,Dallas,TX,75216,320 E Jefferson Blvd #203,Dallas,TX,75203,41741.28,"$85,000",Yes,"41,741.28",No,No,"Tax sale scheduled, Address found, Delinquent taxes",Tax Sale List,TAXSALE-TX-24-01872,https://taxsales.lgbs.com/?cause=TX-24-01872
68,Tax Sale,TAXSALE,,Dallas City Of,3738 Armor Dr,Dallas,TX,75216,320 E Jefferson Blvd #203,Dallas,TX,75203,43504.52,"$85,000",Yes,"43,504.52",No,No,"Tax sale scheduled, Address found, Delinquent taxes",Tax Sale List,TAXSALE-TX-24-01872,https://taxsales.lgbs.com/?cause=TX-24-01872
68,Tax Sale,TAXSALE,,Dallas City Of,3742 Armor Dr,Dallas,TX,75216,320 E Jefferson Blvd #203,Dallas,TX,75203,49034.68,"$85,000",Yes,"49,034.68",No,No,"Tax sale scheduled, Address found, Delinquent taxes",Tax Sale List,TAXSALE-TX-24-01872,https://taxsales.lgbs.com/?cause=TX-24-01872
68,Tax Sale,TAXSALE,,Dallas City Of,3732 Armor Dr,Dallas,TX,75216,320 E Jefferson Blvd #203,Dallas,TX,75203,37391.02,"$68,000",Yes,"37,391.02",No,No,"Tax sale scheduled, Address found, Delinquent taxes",Tax Sale List,TAXSALE-TX-24-01872,https://taxsales.lgbs.com/?cause=TX-24-01872
68,Tax Sale,TAXSALE,,Dallas Area Rapid Transit,5300 Claypool Rd,Dallas,TX,75227,Po Box 660163,Dallas,TX,75266,42390.0,"$2,418,690",Yes,"42,390.00",No,No,"Tax sale scheduled, Address found, Delinquent taxes",Tax Sale List,TAXSALE-TX-22-00854,https://taxsales.lgbs.com/?cause=TX-22-00854
68,Tax Sale,TAXSALE,,Jackson Troy,4402 Frank St,Dallas,TX,75210-1237,4402 Frank St,Dallas,TX,75210,11630.81,"$176,850",Yes,"11,630.81",No,No,"Tax sale scheduled, Address found, Delinquent taxes",Tax Sale List,TAXSALE-TX-25-00785,https://taxsales.lgbs.com/?cause=TX-25-00785
68,Tax Sale,TAXSALE,,Dallas City Of,2600 Stephenson Dr,Dallas,TX,75215-4653,1500 Marilla St,Dallas,TX,75201,45466.17,"$142,990",Yes,"45,466.17",No,No,"Tax sale scheduled, Address found, Delinquent taxes",Tax Sale List,TAXSALE-TX-18-01660,https://taxsales.lgbs.com/?cause=TX-18-01660
68,Tax Sale,TAXSALE,,Haley Alicia Michelle,2721 Douglas Ave,Irving,TX,75062-6937,2721 Douglas Ave,Irving,TX,75062,,"$236,790",Yes,,No,No,"Tax sale scheduled, Address found, Delinquent taxes",Tax Sale List,TAXSALE-TX-22-00962,https://taxsales.lgbs.com/?cause=TX-22-00962
68,Tax Sale,TAXSALE,,Hernandez Odemaris R Martinez,2621 Ghent St,Dallas,TX,75215-5012,2621 Ghent St,Dallas,TX,75215,,"$279,900",Yes,,No,No,"Tax sale scheduled, Address found, Delinquent taxes",Tax Sale List,TAXSALE-TX-16-00956,https://taxsales.lgbs.com/?cause=TX-16-00956
68,Tax Sale,TAXSALE,,Wilson Chinese,2814 Brigham Ln,Dallas,TX,75215-5043,2814 Brigham Ln,Dallas,TX,75215,,"$55,980",Yes,,No,No,"Tax sale scheduled, Address found, Delinquent taxes",Tax Sale List,TAXSALE-TX-14-50051,https://taxsales.lgbs.com/?cause=TX-14-50051
68,Tax Sale,TAXSALE,,Crandall Matthew Robert,622 Brian Dr,Grand Prairie,TX,75052-6413,622 Brian Dr,Grand Prairie,TX,75052,31927.15,"$266,970",Yes,"31,927.15",No,No,"Tax sale scheduled, Address found, Delinquent taxes",Tax Sale List,TAXSALE-TX-23-02039,https://taxsales.lgbs.com/?cause=TX-23-02039
68,Tax Sale,TAXSALE,,Hatch Sherry,4800 Silver Ave,Dallas,TX,75223,Po Box 770471,Houston,TX,77215,,"$37,440",Yes,,No,No,"Tax sale scheduled, Address found, Delinquent taxes",Tax Sale List,TAXSALE-TX-11-50108,https://taxsales.lgbs.com/?cause=TX-11-50108
68,Tax Sale,TAXSALE,,Cooper Carl J Jr,2823 Nan Jones Ave,Balch Springs,TX,75180,3300 Shepherd Ln Ste A,Balch Springs,TX,75180,,"$65,000",Yes,,No,No,"Tax sale scheduled, Address found, Delinquent taxes",Tax Sale List,TAXSALE-TX-18-01655,https://taxsales.lgbs.com/?cause=TX-18-01655
68,Tax Sale,TAXSALE,,Madra Clarence J,3500 Osage Cir,Dallas,TX,75223,3558 Mingo St,Dallas,TX,75223,30490.0,"$91,480",Yes,"30,490.00",No,No,"Tax sale scheduled, Address found, Delinquent taxes",Tax Sale List,TAXSALE-TX-22-02102,https://taxsales.lgbs.com/?cause=TX-22-02102
68,Tax Sale,TAXSALE,,Berry Craig Joseph & Mary Beth,7125 Santa Fe Ave,Dallas,TX,75223,7141 Santa Monica Dr,Dallas,TX,75223,18510.0,"$1,032,960",Yes,"18,510.00",No,No,"Tax sale scheduled, Address found, Delinquent taxes",Tax Sale List,TAXSALE-TX-17-01272,https://taxsales.lgbs.com/?cause=TX-17-01272
68,Tax Sale,TAXSALE,,Palmer Leslie Paul Est Of &,5212 Rocky Ridge Rd,Dallas,TX,75241-1024,1179 Lombard Ln,Duncanville,TX,75137,,"$254,800",Yes,,No,No,"Tax sale scheduled, Address found, Delinquent taxes",Tax Sale List,TAXSALE-TX-19-02161,https://taxsales.lgbs.com/?cause=TX-19-02161
68,Tax Sale,TAXSALE,,Phillips Robert,2846 Lyola St,Dallas,TX,75241,4214 Copeland St,Dallas,TX,75210,3291.77,"$38,500",Yes,"3,291.77",No,No,"Tax sale scheduled, Address found, Delinquent taxes",Tax Sale List,TAXSALE-TX-15-01057,https://taxsales.lgbs.com/?cause=TX-15-01057
68,Tax Sale,TAXSALE,,Valdez Selvin,3240 Lombardy Ln,Dallas,TX,75220-3312,3240 Lombardy Ln Apt 101,Dallas,TX,75220,23646.6,"$60,480",Yes,"23,646.60",No,No,"Tax sale scheduled, Address found, Delinquent taxes",Tax Sale List,TAXSALE-TX-24-01091,https://taxsales.lgbs.com/?cause=TX-24-01091
68,Tax Sale,TAXSALE,,Good Faith Missionary,3133 Ames Rd,Lancaster,TX,75134,710 S Forest Ln,Duncanville,TX,75116,,"$65,000",Yes,,No,No,"Tax sale scheduled, Address found, Delinquent taxes",Tax Sale List,TAXSALE-TX-14-41314,https://taxsales.lgbs.com/?cause=TX-14-41314
68,Tax Sale,TAXSALE,,Good Faith Missionary,3100 Ames Rd,Lancaster,TX,75134-1912,710 S Forest Ln,Duncanville,TX,75116,,"$65,000",Yes,,No,No,"Tax sale scheduled, Address found, Delinquent taxes",Tax Sale List,TAXSALE-TX-14-41314,https://taxsales.lgbs.com/?cause=TX-14-41314
68,Tax Sale,TAXSALE,,Garland City Of,4318 Action St,Garland,TX,75042,200 N 5Th St,Garland,TX,75040,,"$29,970",Yes,,No,No,"Tax sale scheduled, Address found, Delinquent taxes",Tax Sale List,TAXSALE-TX-20-00782,https://taxsales.lgbs.com/?cause=TX-20-00782
68,Tax Sale,TAXSALE,,Astro Global Trading,3110 Harlandale Ave,Dallas,TX,75216-4437,103 Industrial St,Lancaster,TX,75134,19411.6,"$145,730",Yes,"19,411.60",No,No,"Tax sale scheduled, Address found, Delinquent taxes",Tax Sale List,TAXSALE-TX-22-00507,https://taxsales.lgbs.com/?cause=TX-22-00507
68,Tax Sale,TAXSALE,,Npot Partners I Lp,733 E Belt Line Rd,Desoto,TX,75115,1210 Hall Johnson Rd Ste 100,Colleyville,TX,76034,,"$244,260",Yes,,No,No,"Tax sale scheduled, Address found, Delinquent taxes",Tax Sale List,TAXSALE-TX-19-00612,https://taxsales.lgbs.com/?cause=TX-19-00612
68,Tax Sale,TAXSALE,,Chi Lai Shau,307 W Camp Wisdom Rd,Duncanville,TX,75116,16051 Addison Rd Ste 210 C/O  Bunell Properties,Addison,TX,75001,17060.0,"$17,060",Yes,"17,060.00",No,No,"Tax sale scheduled, Address found, Delinquent taxes",Tax Sale List,TAXSALE-TX-16-02478,https://taxsales.lgbs.com/?cause=TX-16-02478
68,Tax Sale,TAXSALE,,Mohammed Aslam,2402 Morgan St,Irving,TX,75062-7109,3301 Ridgehaven St,Irving,TX,75062,,"$54,000",Yes,,No,No,"Tax sale scheduled, Address found, Delinquent taxes",Tax Sale List,TAXSALE-TX-15-00176,https://taxsales.lgbs.com/?cause=TX-15-00176
68,Tax Sale,TAXSALE,,Harkey Walter Henry &,2165 Wynn Joyce Rd,Garland,TX,75043,3610 S Country Club Rd,Garland,TX,75043,,"$4,700",Yes,,No,No,"Tax sale scheduled, Address found, Delinquent taxes",Tax Sale List,TAXSALE-TX-18-01428,https://taxsales.lgbs.com/?cause=TX-18-01428
68,Tax Sale,TAXSALE,,Mathis Van,7812 Garner Rd,Rowlett,TX,75088,7331 County Road 595,Nevada,TX,75173,,"$171,520",Yes,,No,No,"Tax sale scheduled, Address found, Delinquent taxes",Tax Sale List,TAXSALE-TX-16-00636,https://taxsales.lgbs.com/?cause=TX-16-00636
68,Tax Sale,TAXSALE,,Soloman Gary,4729 Stokes St,Dallas,TX,75216,1008 Marion Ave,Fort Worth,TX,76104,13523.41,"$6,000",Yes,"13,523.41",No,No,"Tax sale scheduled, Address found, Delinquent taxes",Tax Sale List,TAXSALE-TX-18-01052,https://taxsales.lgbs.com/?cause=TX-18-01052
68,Tax Sale,TAXSALE,,Willis Gwendolyn Ruth,7904 Hull Ave,Dallas,TX,75216-4137,7904 Hull Ave,Dallas,TX,75216,,"$60,000",Yes,,No,No,"Tax sale scheduled, Address found, Delinquent taxes",Tax Sale List,TAXSALE-TX-12-50168,https://taxsales.lgbs.com/?cause=TX-12-50168
68,Tax Sale,TAXSALE,,Jackson Tony,4543 Yancy St,Dallas,TX,75216-5028,4523 Yancy St,Dallas,TX,75216,20000.0,"$75,000",Yes,"20,000.00",No,No,"Tax sale scheduled, Address found, Delinquent taxes",Tax Sale List,TAXSALE-TX-18-00879,https://taxsales.lgbs.com/?cause=TX-18-00879
68,Tax Sale,TAXSALE,,Melendez Kristy Gisel &,4816 Zealand St,Dallas,TX,75216,4816 Zealand St,Dallas,TX,75216,,"$298,380",Yes,,No,No,"Tax sale scheduled, Address found, Delinquent taxes",Tax Sale List,TAXSALE-TX-11-50207,https://taxsales.lgbs.com/?cause=TX-11-50207
68,Tax Sale,TAXSALE,,Jones Charles E,443 Sparks St,Dallas,TX,75203,443 Sparks St,Dallas,TX,75203,10160.03,"$80,750",Yes,"10,160.03",No,No,"Tax sale scheduled, Address found, Delinquent taxes",Tax Sale List,TAXSALE-TX-12-50203,https://taxsales.lgbs.com/?cause=TX-12-50203
68,Tax Sale,TAXSALE,,Knights & Associates,1401 Hutchins Ave,Dallas,TX,75203,Po Box 2984,Dallas,TX,75221,25187.3,"$61,750",Yes,"25,187.30",No,No,"Tax sale scheduled, Address found, Delinquent taxes",Tax Sale List,TAXSALE-TX-22-01650,https://taxsales.lgbs.com/?cause=TX-22-01650
68,Tax Sale,TAXSALE,,Marquez Enrique & Martha L,413 Hart St,Dallas,TX,75203,2748 El Tivoli Dr,Dallas,TX,75211,,"$95,000",Yes,,No,No,"Tax sale scheduled, Address found, Delinquent taxes",Tax Sale List,TAXSALE-TX-12-50259,https://taxsales.lgbs.com/?cause=TX-12-50259
68,Tax Sale,TAXSALE,,Maple Rae Qof,403 Albright St,Dallas,TX,75203,519 W 22Nd St,Houston,TX,77008,,"$95,000",Yes,,No,No,"Tax sale scheduled, Address found, Delinquent taxes",Tax Sale List,TAXSALE-TX-06-50116,https://taxsales.lgbs.com/?cause=TX-06-50116
68,Tax Sale,TAXSALE,,Saran Nirmal & Arti,7314 Flameleaf Pl,Dallas,TX,75249-1412,7314 Flameleaf Pl,Dallas,TX,75249,,"$251,240",Yes,,No,No,"Tax sale scheduled, Address found, Delinquent taxes",Tax Sale List,TAXSALE-TX-18-01432,https://taxsales.lgbs.com/?cause=TX-18-01432
68,Tax Sale,TAXSALE,,Espinoza Geronimo Et Al,2715 Alaska Ave,Dallas,TX,75216-3055,2510 Wynnewood Dr,Dallas,TX,75224,,"$161,940",Yes,,No,No,"Tax sale scheduled, Address found, Delinquent taxes",Tax Sale List,TAXSALE-TX-23-00171,https://taxsales.lgbs.com/?cause=TX-23-00171
68,Tax Sale,TAXSALE,,Smothers Demetrice E &,3962 Avocado Dr,Dallas,TX,75241-6201,4808 Haverwood Ln Apt 313,Dallas,TX,75287,,"$65,000",Yes,,No,No,"Tax sale scheduled, Address found, Delinquent taxes",Tax Sale List,TAXSALE-TX-16-01564,https://taxsales.lgbs.com/?cause=TX-16-01564
68,Tax Sale,TAXSALE,,Bryant Elizabeth,319 Starr St,Dallas,TX,75203,6108 E Masters Dr Apt 217,Fort Worth,TX,76137,,"$193,160",Yes,,No,No,"Tax sale scheduled, Address found, Delinquent taxes",Tax Sale List,TAXSALE-TX-13-50078,https://taxsales.lgbs.com/?cause=TX-13-50078
68,Tax Sale,TAXSALE,,Grimmitt Ruby Patricia,3140 Helmet St,Irving,TX,75060-3410,408 Power Rd,Georgetown,TX,78628,,"$55,000",Yes,,No,No,"Tax sale scheduled, Address found, Delinquent taxes",Tax Sale List,TAXSALE-TX-22-00086,https://taxsales.lgbs.com/?cause=TX-22-00086
68,Tax Sale,TAXSALE,,Garza Maria & Amando,403 Lakeside Rd. N/K/A 215 Lakeside Rd.,Balch Springs,TX,75181-3009,9507 Laneyvale Ave,Dallas,TX,75217,,"$225,980",Yes,,No,No,"Tax sale scheduled, Address found, Delinquent taxes",Tax Sale List,TAXSALE-TX-19-00119,https://taxsales.lgbs.com/?cause=TX-19-00119
68,Tax Sale,TAXSALE,,Kennedy Peggie M,2843 Don St,Dallas,TX,75227,2839 Don St,Dallas,TX,75227,,"$158,740",Yes,,No,No,"Tax sale scheduled, Address found, Delinquent taxes",Tax Sale List,TAXSALE-TX-15-01520,https://taxsales.lgbs.com/?cause=TX-15-01520
68,Tax Sale,TAXSALE,,Arellano Maria Isabel Sierra,1334 Dell Oak Dr,Dallas,TX,75217-1303,1334 Dell Oak Dr,Dallas,TX,75217,,"$238,430",Yes,,No,No,"Tax sale scheduled, Address found, Delinquent taxes",Tax Sale List,TAXSALE-TX-19-00802,https://taxsales.lgbs.com/?cause=TX-19-00802
68,Tax Sale,TAXSALE,,Sanchez Victor Manuel Hernandez,378 S Nachita Dr,Dallas,TX,75217-7421,410 Covington Cv,Princeton,TX,75407,36523.36,"$203,910",Yes,"36,523.36",No,No,"Tax sale scheduled, Address found, Delinquent taxes",Tax Sale List,TAXSALE-TX-16-00217,https://taxsales.lgbs.com/?cause=TX-16-00217
68,Tax Sale,TAXSALE,,Gore Bonnie Et Al,650 Elwayne Ave,Dallas,TX,75217,650 Elwayne Ave,Dallas,TX,75217,,"$70,000",Yes,,No,No,"Tax sale scheduled, Address found, Delinquent taxes",Tax Sale List,TAXSALE-TX-12-50028,https://taxsales.lgbs.com/?cause=TX-12-50028
68,Tax Sale,TAXSALE,,Bible Dovie T C Et Al,4528 Parry Ave,Dallas,TX,75223,2307 Stovall Dr C/O  Carrie L Russell,Dallas,TX,75216,1500.0,"$21,000",Yes,"1,500.00",No,No,"Tax sale scheduled, Address found, Delinquent taxes",Tax Sale List,TAXSALE-TX-18-01690,https://taxsales.lgbs.com/?cause=TX-18-01690
68,Tax Sale,TAXSALE,,Perez Yuridia Hernandez &,563 Rayenell Ave,Dallas,TX,75217,563 Rayenell Ave,Dallas,TX,75217,,"$290,400",Yes,,No,No,"Tax sale scheduled, Address found, Delinquent taxes",Tax Sale List,TAXSALE-TX-12-50122,https://taxsales.lgbs.com/?cause=TX-12-50122
68,Tax Sale,TAXSALE,,Crosman Wanda G,504 Rayenell Ave,Dallas,TX,75217,Po Box 273,Colleyville,TX,76034,8800.0,"$3,500",Yes,"8,800.00",No,No,"Tax sale scheduled, Address found, Delinquent taxes",Tax Sale List,TAXSALE-TX-19-02011,https://taxsales.lgbs.com/?cause=TX-19-02011
68,Tax Sale,TAXSALE,,Dallas City Of,5807 Riverside Dr,Dallas,TX,75235,320 E Jefferson Blvd # 203,Dallas,TX,75203,45395.88,"$90,000",Yes,"45,395.88",No,No,"Tax sale scheduled, Address found, Delinquent taxes",Tax Sale List,TAXSALE-TX-22-00312,https://taxsales.lgbs.com/?cause=TX-22-00312
68,Tax Sale,TAXSALE,,Parks Lonnie,738 Ella Ave,Dallas,TX,75217,738 Ella Ave,Dallas,TX,75217,,"$70,000",Yes,,No,No,"Tax sale scheduled, Address found, Delinquent taxes",Tax Sale List,TAXSALE-TX-12-50196,https://taxsales.lgbs.com/?cause=TX-12-50196
68,Tax Sale,TAXSALE,,Barker Margaret W,1805 Park Row Ave,Dallas,TX,75215,1805 Park Row Ave,Dallas,TX,75215,,"$159,750",Yes,,No,No,"Tax sale scheduled, Address found, Delinquent taxes",Tax Sale List,TAXSALE-TX-14-50085,https://taxsales.lgbs.com/?cause=TX-14-50085
68,Tax Sale,TAXSALE,,Williams Pauline Et Al,5316 Railroad Ave,Dallas,TX,75215,Po Box 9848 C/O Leroy & Rena Foley,Tyler,TX,75711,16723.52,"$27,500",Yes,"16,723.52",No,No,"Tax sale scheduled, Address found, Delinquent taxes",Tax Sale List,TAXSALE-TX-22-01830,https://taxsales.lgbs.com/?cause=TX-22-01830
68,Tax Sale,TAXSALE,,Dallas City Of,5318 Railroad Ave,Dallas,TX,75215,320 E Jefferson Blvd #203,Dallas,TX,75203,20505.68,"$27,500",Yes,"20,505.68",No,No,"Tax sale scheduled, Address found, Delinquent taxes",Tax Sale List,TAXSALE-TX-22-00244,https://taxsales.lgbs.com/?cause=TX-22-00244
68,Tax Sale,TAXSALE,,Dallas City Of,5320 Railroad Ave,Dallas,TX,75210,1500 Marilla St,Dallas,TX,75201,12841.98,"$27,500",Yes,"12,841.98",No,No,"Tax sale scheduled, Address found, Delinquent taxes",Tax Sale List,TAXSALE-TX-22-00244,https://taxsales.lgbs.com/?cause=TX-22-00244
68,Tax Sale,TAXSALE,,Jacoby Steve,8407 Midway Rd,Dallas,TX,75209-2835,8407 Midway Rd,Dallas,TX,75209,,"$1,159,570",Yes,,No,No,"Tax sale scheduled, Address found, Delinquent taxes",Tax Sale List,TAXSALE-TX-22-00399,https://taxsales.lgbs.com/?cause=TX-22-00399
68,Tax Sale,TAXSALE,,Lewis Susan,3216 Cleveland St,Dallas,TX,75215,3408 Cochran Pl C/O  Mattie Lynchs,Dallas,TX,75204,,"$101,250",Yes,,No,No,"Tax sale scheduled, Address found, Delinquent taxes",Tax Sale List,TAXSALE-TX-14-40881,https://taxsales.lgbs.com/?cause=TX-14-40881
68,Tax Sale,TAXSALE,,Hernandez Samuel,6419 Elam Rd,Dallas,TX,75217,6419 Elam Rd,Dallas,TX,75217,,"$314,620",Yes,,No,No,"Tax sale scheduled, Address found, Delinquent taxes",Tax Sale List,TAXSALE-TX-14-40636,https://taxsales.lgbs.com/?cause=TX-14-40636
68,Tax Sale,TAXSALE,,Adair Ricky Don & Linda,114 W 1St,Lancaster,TX,75146,511 N Jefferson St,Lancaster,TX,75146,24686.49,"$14,290",Yes,"24,686.49",No,No,"Tax sale scheduled, Address found, Delinquent taxes",Tax Sale List,TAXSALE-TX-16-00374,https://taxsales.lgbs.com/?cause=TX-16-00374
68,Tax Sale,TAXSALE,,Friendship Miss Bapt Ch,612 E 2Nd St,Lancaster,TX,75146,1037 W Pleasant Run Rd,Lancaster,TX,75146,32658.42,"$12,480",Yes,"32,658.42",No,No,"Tax sale scheduled, Address found, Delinquent taxes",Tax Sale List,TAXSALE-TX-19-00044,https://taxsales.lgbs.com/?cause=TX-19-00044
68,Tax Sale,TAXSALE,,Valdivia Mariano,"752 E 3Rd Street, Dallas, Tx",Lancaster,TX,75146-2612,752 E 3Rd St,Lancaster,TX,75146,,"$142,530",Yes,,No,No,"Tax sale scheduled, Address found, Delinquent taxes",Tax Sale List,TAXSALE-TX-15-00797,https://taxsales.lgbs.com/?cause=TX-15-00797
68,Tax Sale,TAXSALE,,Baker Tammie,1101 Betterton Cir,Dallas,TX,75203,719 Sunset Ave,Dallas,TX,75208,,"$62,260",Yes,,No,No,"Tax sale scheduled, Address found, Delinquent taxes",Tax Sale List,TAXSALE-TX-18-00609,https://taxsales.lgbs.com/?cause=TX-18-00609
68,Tax Sale,TAXSALE,,Henderson Donnell,701 E 3Rd St,Lancaster,TX,75146,701 E 3Rd St,Lancaster,TX,75146,15000.0,"$16,500",Yes,"15,000.00",No,No,"Tax sale scheduled, Address found, Delinquent taxes",Tax Sale List,TAXSALE-TX-24-00636,https://taxsales.lgbs.com/?cause=TX-24-00636
68,Tax Sale,TAXSALE,,Monsivais Irma Gonzalez,1518 N Dallas Ave,Lancaster,TX,75134,2546 E Ledbetter,Dallas,TX,75216,24436.78,,Yes,"24,436.78",No,No,"Tax sale scheduled, Address found, Delinquent taxes",Tax Sale List,TAXSALE-TX-15-00607,https://taxsales.lgbs.com/?cause=TX-15-00607
68,Tax Sale,TAXSALE,,Spencer Johnny,1848 Riverway Ln,Lancaster,TX,75146,Uknown,Lancaster,TX,75146,48000.0,"$48,000",Yes,"48,000.00",No,No,"Tax sale scheduled, Address found, Delinquent taxes",Tax Sale List,TAXSALE-TX-24-00687,https://taxsales.lgbs.com/?cause=TX-24-00687
68,Tax Sale,TAXSALE,,Addison Ronald A,1806 Riverway Ln,Lancaster,TX,75146,3034 Steven St,Irving,TX,75062,,"$32,000",Yes,,No,No,"Tax sale scheduled, Address found, Delinquent taxes",Tax Sale List,TAXSALE-TX-21-00733,https://taxsales.lgbs.com/?cause=TX-21-00733
68,Tax Sale,TAXSALE,,Dallas City Of,1827 E Lakeview Dr,Dallas,TX,75216,320 E Jefferson Blvd # 203,Dallas,TX,75203,11206.46,"$22,000",Yes,"11,206.46",No,No,"Tax sale scheduled, Address found, Delinquent taxes",Tax Sale List,TAXSALE-TX-22-00567,https://taxsales.lgbs.com/?cause=TX-22-00567
68,Tax Sale,TAXSALE,,Johnson Iona Sampson,808 Katy St,Lancaster,TX,75146,808 Katy St,Lancaster,TX,75146,11583.61,"$11,000",Yes,"11,583.61",No,No,"Tax sale scheduled, Address found, Delinquent taxes",Tax Sale List,TAXSALE-TX-19-00376,https://taxsales.lgbs.com/?cause=TX-19-00376
68,Tax Sale,TAXSALE,,Griffis Walter &,4245 Elkins Ave,Lancaster,TX,75134,Po Box 218,Mineola,TX,75773,,"$100,000",Yes,,No,No,"Tax sale scheduled, Address found, Delinquent taxes",Tax Sale List,TAXSALE-TX-16-01056,https://taxsales.lgbs.com/?cause=TX-16-01056
68,Tax Sale,TAXSALE,,Castellanos Mario J,4237 Elkins Ave,Lancaster,TX,75134,4237 Elkins Ave,Lancaster,TX,75134,,"$100,000",Yes,,No,No,"Tax sale scheduled, Address found, Delinquent taxes",Tax Sale List,TAXSALE-TX-19-00196,https://taxsales.lgbs.com/?cause=TX-19-00196
68,Tax Sale,TAXSALE,,Fuentes Constancio S,"2536 Everton Dr., Dallas, Tx",Lancaster,TX,75134,Po Box 9 C/O  Rita Fuentes,Ferris,TX,75125,,"$65,000",Yes,,No,No,"Tax sale scheduled, Address found, Delinquent taxes",Tax Sale List,TAXSALE-TX-15-01674,https://taxsales.lgbs.com/?cause=TX-15-01674
68,Tax Sale,TAXSALE,,Bates Ronnie D,2547 Gerry Way St,Lancaster,TX,75134-2331,2547 Gerry Way St,Lancaster,TX,75134,,"$176,350",Yes,,No,No,"Tax sale scheduled, Address found, Delinquent taxes",Tax Sale List,TAXSALE-TX-15-02007,https://taxsales.lgbs.com/?cause=TX-15-02007
68,Tax Sale,TAXSALE,,Jones Gerald W Ii,2612 Gerry Way St,Lancaster,TX,75134-2334,2612 Gerry Way St,Lancaster,TX,75134,,"$269,460",Yes,,No,No,"Tax sale scheduled, Address found, Delinquent taxes",Tax Sale List,TAXSALE-TX-23-01281,https://taxsales.lgbs.com/?cause=TX-23-01281
68,Tax Sale,TAXSALE,,Sledge David E,1 Verona Rd,Lancaster,TX,75134,1324 Greenwood Dr,Garland,TX,75041,6000.0,"$6,500",Yes,"6,000.00",No,No,"Tax sale scheduled, Address found, Delinquent taxes",Tax Sale List,TAXSALE-TX-22-01636,https://taxsales.lgbs.com/?cause=TX-22-01636
68,Tax Sale,TAXSALE,,Huerta Jorge Luis,2230 Verona Rd,Lancaster,TX,75134-2426,2230 Verona Rd,Lancaster,TX,75134,,"$310,550",Yes,,No,No,"Tax sale scheduled, Address found, Delinquent taxes",Tax Sale List,TAXSALE-TX-15-01658,https://taxsales.lgbs.com/?cause=TX-15-01658
68,Tax Sale,TAXSALE,,Villanueva Maria,2918 Maryland Ave,Dallas,TX,75216-4332,4818 E Frio Dr,Dallas,TX,75216,10252.39,"$180,590",Yes,"10,252.39",No,No,"Tax sale scheduled, Address found, Delinquent taxes",Tax Sale List,TAXSALE-TX-25-01127,https://taxsales.lgbs.com/?cause=TX-25-01127
68,Tax Sale,TAXSALE,,Ortiz Samantha &,911 18Th St,Dallas,TX,75216,911 18Th St,Dallas,TX,75216,10641.37,"$392,000",Yes,"10,641.37",No,No,"Tax sale scheduled, Address found, Delinquent taxes",Tax Sale List,TAXSALE-TX-21-01060,https://taxsales.lgbs.com/?cause=TX-21-01060
68,Tax Sale,TAXSALE,,Schoolfield Essie P,4521 E R L Thornton Fwy,Dallas,TX,75223,29560 Red Bud Hl C/O  Virginia Dunlap,Boerne,TX,78015,5255.25,"$34,000",Yes,"5,255.25",No,No,"Tax sale scheduled, Address found, Delinquent taxes",Tax Sale List,TAXSALE-TX-15-01541,https://taxsales.lgbs.com/?cause=TX-15-01541
68,Tax Sale,TAXSALE,,Mays Jack B,615 Francis St,Lancaster,TX,75146,615 Francis St,Lancaster,TX,75146,,"$60,000",Yes,,No,No,"Tax sale scheduled, Address found, Delinquent taxes",Tax Sale List,TAXSALE-TX-18-00813,https://taxsales.lgbs.com/?cause=TX-18-00813
68,Tax Sale,TAXSALE,,Spanheimer Jill L,1121 Compton St,Dallas,TX,75203,1121 Compton St,Dallas,TX,75208,2730.0,"$10,920",Yes,"2,730.00",No,No,"Tax sale scheduled, Address found, Delinquent taxes",Tax Sale List,TAXSALE-TX-19-01899,https://taxsales.lgbs.com/?cause=TX-19-01899
68,Tax Sale,TAXSALE,,Martinez Francisco Javier,"1034 Cumberland St., Dallas, Tx",Dallas,TX,75203-2828,1034 Cumberland St,Dallas,TX,75203,,"$188,490",Yes,,No,No,"Tax sale scheduled, Address found, Delinquent taxes",Tax Sale List,TAXSALE-TX-24-00383,https://taxsales.lgbs.com/?cause=TX-24-00383
68,Tax Sale,TAXSALE,,Ford Cody,605 S Storey St,Dallas,TX,75203,605 S Storey St,Dallas,TX,75203,,"$692,430",Yes,,No,No,"Tax sale scheduled, Address found, Delinquent taxes",Tax Sale List,TAXSALE-TX-09-50075,https://taxsales.lgbs.com/?cause=TX-09-50075
68,Tax Sale,TAXSALE,,Oakridge Est Homeowners,25 Quail Run Dr.,Seagoville,TX,75159,Po Box 167508 C/O  Principle Mgmt Group,Irving,TX,75016,,"$50,000",Yes,,No,No,"Tax sale scheduled, Address found, Delinquent taxes",Tax Sale List,TAXSALE-TX-16-00639,https://taxsales.lgbs.com/?cause=TX-16-00639
68,Tax Sale,TAXSALE,,Oakridge Est Homeowners,26 Quail Run Dr.,Seagoville,TX,,Po Box 167508 C/O  Principle Mgmt Group,Irving,TX,75016,,"$55,000",Yes,,No,No,"Tax sale scheduled, Address found, Delinquent taxes",Tax Sale List,TAXSALE-TX-16-00639,https://taxsales.lgbs.com/?cause=TX-16-00639
68,Tax Sale,TAXSALE,,Sterling Oasis Community &,1031 Noah St,Dallas,TX,75203-2466,3117 Cedar Ridge Dr,Richardson,TX,75082,,"$95,030",Yes,,No,No,"Tax sale scheduled, Address found, Delinquent taxes",Tax Sale List,TAXSALE-TX-21-00136,https://taxsales.lgbs.com/?cause=TX-21-00136
68,Tax Sale,TAXSALE,,Sterling Oasis Community & Economic,1125 Noah St,Dallas,TX,75203-2514,3117 Cedar Ridge Dr,Richardson,TX,75082,,"$74,080",Yes,,No,No,"Tax sale scheduled, Address found, Delinquent taxes",Tax Sale List,TAXSALE-TX-21-00136,https://taxsales.lgbs.com/?cause=TX-21-00136
68,Tax Sale,TAXSALE,,Dallas City Of,4029 Sonny Cir,Dallas,TX,75210,1500 Marilla St,Dallas,TX,75201,39754.52,"$80,160",Yes,"39,754.52",No,No,"Tax sale scheduled, Address found, Delinquent taxes",Tax Sale List,TAXSALE-TX-22-01776,https://taxsales.lgbs.com/?cause=TX-22-01776
68,Tax Sale,TAXSALE,,Mccalib Paul M,1009 Mcdonald Dr,Garland,TX,75041-4442,1009 Mcdonald Dr,Garland,TX,75041,39431.46,"$274,590",Yes,"39,431.46",No,No,"Tax sale scheduled, Address found, Delinquent taxes",Tax Sale List,TAXSALE-TX-20-00548,https://taxsales.lgbs.com/?cause=TX-20-00548
68,Tax Sale,TAXSALE,,Foulks Douglas Marshall,3202 Pritchett Dr,Irving,TX,75061-4152,3202 Pritchett Dr,Irving,TX,75061,,"$240,460",Yes,,No,No,"Tax sale scheduled, Address found, Delinquent taxes",Tax Sale List,TAXSALE-TX-17-01300,https://taxsales.lgbs.com/?cause=TX-17-01300
68,Tax Sale,TAXSALE,,Moreno Daniel,1220 Sandalwood Trl,Lancaster,TX,75146,1220 Sandalwood Trl,Lancaster,TX,75146,,"$80,000",Yes,,No,No,"Tax sale scheduled, Address found, Delinquent taxes",Tax Sale List,TAXSALE-TX-18-01650,https://taxsales.lgbs.com/?cause=TX-18-01650
68,Tax Sale,TAXSALE,,Berg Henry R & Donna K,1227 Willow Run Dr,Glenn Heights,TX,75154,114 Mesa Wood Dr,Glenn Heights,TX,75154,12133.14,"$13,830",Yes,"12,133.14",No,No,"Tax sale scheduled, Address found, Delinquent taxes",Tax Sale List,TAXSALE-TX-15-01087,https://taxsales.lgbs.com/?cause=TX-15-01087
68,Tax Sale,TAXSALE,,Owens Lola,1423 S Cockrell Hill Rd,Duncanville,TX,75137,300 N Akard St Apt 2505,Dallas,TX,75201,,"$56,220",Yes,,No,No,"Tax sale scheduled, Address found, Delinquent taxes",Tax Sale List,TAXSALE-TX-19-00024,https://taxsales.lgbs.com/?cause=TX-19-00024
68,Tax Sale,TAXSALE,,Taylor Emerson,3614 Julius Schepps Fwy,Dallas,TX,75215,1238 Iowa Ave,Dallas,TX,75216,16994.57,"$23,370",Yes,"16,994.57",No,No,"Tax sale scheduled, Address found, Delinquent taxes",Tax Sale List,TAXSALE-TX-22-00242,https://taxsales.lgbs.com/?cause=TX-22-00242
68,Tax Sale,TAXSALE,,Durrett J W,2400 Cleo Ave,Dallas,TX,75217,Po Box 859,Hutchins,TX,75141,968.03,$500,Yes,968.03,No,No,"Tax sale scheduled, Address found, Delinquent taxes",Tax Sale List,TAXSALE-TX-15-01660,https://taxsales.lgbs.com/?cause=TX-15-01660
68,Tax Sale,TAXSALE,,Durrett J W,2439 Ellington St,Dallas,TX,75217,Po Box 859,Hutchins,TX,75141,829.05,$400,Yes,829.05,No,No,"Tax sale scheduled, Address found, Delinquent taxes",Tax Sale List,TAXSALE-TX-15-01660,https://taxsales.lgbs.com/?cause=TX-15-01660
68,Tax Sale,TAXSALE,,Durrett J W,2436 Millicent Ave,Dallas,TX,75217,Po Box 859,Hutchins,TX,75141,829.05,$400,Yes,829.05,No,No,"Tax sale scheduled, Address found, Delinquent taxes",Tax Sale List,TAXSALE-TX-15-01660,https://taxsales.lgbs.com/?cause=TX-15-01660
68,Tax Sale,TAXSALE,,Dallas City Of Etal,2400 Fetchet St,Dallas,TX,75217,320 E Jefferson Blvd,Dallas,TX,75203,2403.02,$360,Yes,"2,403.02",No,No,"Tax sale scheduled, Address found, Delinquent taxes",Tax Sale List,TAXSALE-TX-15-01660,https://taxsales.lgbs.com/?cause=TX-15-01660
68,Tax Sale,TAXSALE,,Dallas City Of Etal,2400 Fetchet St,Dallas,TX,,320 E Jefferson Blvd,Dallas,TX,75203,,$360,Yes,,No,No,"Tax sale scheduled, Address found, Delinquent taxes",Tax Sale List,TAXSALE-TX-15-01660,https://taxsales.lgbs.com/?cause=TX-15-01660
68,Tax Sale,TAXSALE,,Ajayi Ibironke,5424 Bourquin St,Dallas,TX,75210,5424 Bourquin St,Dallas,TX,75210,,"$284,510",Yes,,No,No,"Tax sale scheduled, Address found, Delinquent taxes",Tax Sale List,TAXSALE-TX-20-00742,https://taxsales.lgbs.com/?cause=TX-20-00742
68,Tax Sale,TAXSALE,,Laurence William E,11346 Sinclair Ave,Dallas,TX,75218-1946,11346 Sinclair Ave,Dallas,TX,75218,,"$397,400",Yes,,No,No,"Tax sale scheduled, Address found, Delinquent taxes",Tax Sale List,TAXSALE-TX-23-01091,https://taxsales.lgbs.com/?cause=TX-23-01091
68,Tax Sale,TAXSALE,,Rodriguez Hector R M &,1813 Pleasant Dr,Dallas,TX,75217,1817 Pleasant Dr,Dallas,TX,75217,42188.87,"$110,000",Yes,"42,188.87",No,No,"Tax sale scheduled, Address found, Delinquent taxes",Tax Sale List,TAXSALE-TX-23-00418,https://taxsales.lgbs.com/?cause=TX-23-00418
68,Tax Sale,TAXSALE,,Miller Plano Rd Jt Vt,11000 Switzer Ave,Dallas,TX,75238,11000 Switzer Ave,Dallas,TX,75238,14900.0,"$14,900",Yes,"14,900.00",No,No,"Tax sale scheduled, Address found, Delinquent taxes",Tax Sale List,TAXSALE-TX-19-00165,https://taxsales.lgbs.com/?cause=TX-19-00165
68,Tax Sale,TAXSALE,,Tate Evan,8346 Nisqually St,Dallas,TX,75217-4345,2716 Damsel Madison Ln,Lewisville,TX,75056,24728.31,"$90,000",Yes,"24,728.31",No,No,"Tax sale scheduled, Address found, Delinquent taxes",Tax Sale List,TAXSALE-TX-20-00391,https://taxsales.lgbs.com/?cause=TX-20-00391
68,Tax Sale,TAXSALE,,Shields Edwin G,1115 Frost Hollow Dr # Fka,Desoto,TX,75115-7416,1115 Frost Hollow Dr,Desoto,TX,75115,,"$833,860",Yes,,No,No,"Tax sale scheduled, Address found, Delinquent taxes",Tax Sale List,TAXSALE-TX-22-00851,https://taxsales.lgbs.com/?cause=TX-22-00851
68,Tax Sale,TAXSALE,,Rangel Lucinda S,932 S Vernon Ave,Dallas,TX,75208-6247,932 S Vernon Ave,Dallas,TX,75208,,"$200,000",Yes,,No,No,"Tax sale scheduled, Address found, Delinquent taxes",Tax Sale List,TAXSALE-TX-21-01090,https://taxsales.lgbs.com/?cause=TX-21-01090
68,Tax Sale,TAXSALE,,Barnett Martha Coulter,1004 Burlington Blvd,Dallas,TX,75208,403 W Theissen St,Boerne,TX,78006,9750.31,"$140,000",Yes,"9,750.31",No,No,"Tax sale scheduled, Address found, Delinquent taxes",Tax Sale List,TAXSALE-TX-16-01128,https://taxsales.lgbs.com/?cause=TX-16-01128
68,Tax Sale,TAXSALE,,Dallas City Of,1314 Lotus St,Dallas,TX,75203,320 E Jefferson Blvd #203,Dallas,TX,75203,29880.77,"$67,500",Yes,"29,880.77",No,No,"Tax sale scheduled, Address found, Delinquent taxes",Tax Sale List,TAXSALE-TX-23-00611,https://taxsales.lgbs.com/?cause=TX-23-00611
68,Tax Sale,TAXSALE,,Johnson Lois B,1421 Edgemont Ave,Dallas,TX,75216,1447 Stirling Ave,Dallas,TX,75216,3750.0,"$17,500",Yes,"3,750.00",No,No,"Tax sale scheduled, Address found, Delinquent taxes",Tax Sale List,TAXSALE-TX-19-02129,https://taxsales.lgbs.com/?cause=TX-19-02129
68,Tax Sale,TAXSALE,,Kyle Henry H,1903 S Glenbrook Dr,Garland,TX,75041,1903 S Glenbrook Dr C/O  Arland L Ward,Garland,TX,75040,15179.67,"$7,430",Yes,"15,179.67",No,No,"Tax sale scheduled, Address found, Delinquent taxes",Tax Sale List,TAXSALE-TX-21-00731,https://taxsales.lgbs.com/?cause=TX-21-00731
68,Tax Sale,TAXSALE,,Dixon Mark A Jr &,1727 E Waco Ave,Dallas,TX,75216,1517 Renner Dr,Dallas,TX,75216,,"$90,000",Yes,,No,No,"Tax sale scheduled, Address found, Delinquent taxes",Tax Sale List,TAXSALE-TX-07-50104,https://taxsales.lgbs.com/?cause=TX-07-50104
68,Tax Sale,TAXSALE,,Thorn Mrs Homer B,2019 Ramsey Ave,Dallas,TX,75216,2437 W Brooklyn Ave,Dallas,TX,75211,36055.71,"$100,000",Yes,"36,055.71",No,No,"Tax sale scheduled, Address found, Delinquent taxes",Tax Sale List,TAXSALE-TX-23-01359,https://taxsales.lgbs.com/?cause=TX-23-01359
68,Tax Sale,TAXSALE,,Medrano Juan Life Est Of &,210 E Louisiana Ave,Dallas,TX,75216,2011 Ramsey Ave,Dallas,TX,75216,15053.12,"$269,830",Yes,"15,053.12",No,No,"Tax sale scheduled, Address found, Delinquent taxes",Tax Sale List,TAXSALE-TX-22-01396,https://taxsales.lgbs.com/?cause=TX-22-01396
68,Tax Sale,TAXSALE,,Martinez Silverio,612 E Bluff Rd,Seagoville,TX,75159,1402 Stafford St,Dallas,TX,75208,,"$242,080",Yes,,No,No,"Tax sale scheduled, Address found, Delinquent taxes",Tax Sale List,TAXSALE-TX-18-02087,https://taxsales.lgbs.com/?cause=TX-18-02087
68,Tax Sale,TAXSALE,,Hernandez Meyli,1902 Michigan Ave,Dallas,TX,75216-1910,1902 Michigan Ave,Dallas,TX,75216,,"$233,590",Yes,,No,No,"Tax sale scheduled, Address found, Delinquent taxes",Tax Sale List,TAXSALE-TX-18-01439,https://taxsales.lgbs.com/?cause=TX-18-01439
68,Tax Sale,TAXSALE,,Coppell City Of,1380 E. Sandy Lake Rd.,Coppell,TX,75019,Po Box 9478,Coppell,TX,75019,14793.98,"$22,650",Yes,"14,793.98",No,No,"Tax sale scheduled, Address found, Delinquent taxes",Tax Sale List,TAXSALE-TX-15-01110,https://taxsales.lgbs.com/?cause=TX-15-01110
68,Tax Sale,TAXSALE,,Hutching Margaret Rose,2626 Southland St,Dallas,TX,75215-4259,2702 Southland St,Dallas,TX,75215,26161.47,"$460,290",Yes,"26,161.47",No,No,"Tax sale scheduled, Address found, Delinquent taxes",Tax Sale List,TAXSALE-TX-23-00586,https://taxsales.lgbs.com/?cause=TX-23-00586
68,Tax Sale,TAXSALE,,Purple Rose Care Nonprofit,2203 Marfa Ave,Dallas,TX,75216-5746,3838 Oak Lawn Ave Ste 1000,Dallas,TX,75219,19465.21,,Yes,"19,465.21",No,No,"Tax sale scheduled, Address found, Delinquent taxes",Tax Sale List,TAXSALE-TX-23-00800,https://taxsales.lgbs.com/?cause=TX-23-00800
68,Tax Sale,TAXSALE,,Dallas City Of,1537 S Corinth Street Rd,Dallas,TX,75215,320 E Jefferson Blvd # 203,Dallas,TX,75203,14945.61,"$52,500",Yes,"14,945.61",No,No,"Tax sale scheduled, Address found, Delinquent taxes",Tax Sale List,TAXSALE-TX-23-01389,https://taxsales.lgbs.com/?cause=TX-23-01389
68,Tax Sale,TAXSALE,,Alvarez Diego Bermudez,3102 Kings Rd,Dallas,TX,75219-1316,2100 N Fitzhugh Ave Apt D,Dallas,TX,75204,5000.0,"$5,000",Yes,"5,000.00",No,No,"Tax sale scheduled, Address found, Delinquent taxes",Tax Sale List,TAXSALE-TX-22-01335,https://taxsales.lgbs.com/?cause=TX-22-01335
68,Tax Sale,TAXSALE,,Rangel Marisela,11916 Androck Dr,Balch Springs,TX,75180-1602,11916 Androck Dr,Balch Springs,TX,75180,,"$151,520",Yes,,No,No,"Tax sale scheduled, Address found, Delinquent taxes",Tax Sale List,TAXSALE-TX-19-01798,https://taxsales.lgbs.com/?cause=TX-19-01798
68,Tax Sale,TAXSALE,,Gooch David Oliver,403 Cindy Way,Desoto,TX,75115-5019,403 Cindy Way,Desoto,TX,75115,,"$227,440",Yes,,No,No,"Tax sale scheduled, Address found, Delinquent taxes",Tax Sale List,TAXSALE-TX-24-00661,https://taxsales.lgbs.com/?cause=TX-24-00661
68,Tax Sale,TAXSALE,,Lewis Tyree & Joecile Est Of,601 Sw 20Th St,Grand Prairie,TX,75051-1243,601 Sw 20Th St C/O  Vance Family Rev Trust,Grand Prairie,TX,75051,,"$222,470",Yes,,No,No,"Tax sale scheduled, Address found, Delinquent taxes",Tax Sale List,TAXSALE-TX-20-00606,https://taxsales.lgbs.com/?cause=TX-20-00606
68,Tax Sale,TAXSALE,,Guevara Alejandro,1600 Buena Vista St,Mesquite,TX,75149-2227,1600 Buena Vista St,Mesquite,TX,75149,,"$196,360",Yes,,No,No,"Tax sale scheduled, Address found, Delinquent taxes",Tax Sale List,TAXSALE-TX-23-00102,https://taxsales.lgbs.com/?cause=TX-23-00102
68,Tax Sale,TAXSALE,,Hodges Lee Odus,3104 Balomede St,Lancaster,TX,75134-1502,3104 Balomede St,Lancaster,TX,75134,,"$88,000",Yes,,No,No,"Tax sale scheduled, Address found, Delinquent taxes",Tax Sale List,TAXSALE-TX-17-00074,https://taxsales.lgbs.com/?cause=TX-17-00074
68,Tax Sale,TAXSALE,,Cox Berry R,4240 Armstrong Pkwy,Dallas,TX,75205,2100 Mckinney Ave Ste 1700,Dallas,TX,75201,20008.22,"$12,237,730",Yes,"20,008.22",No,No,"Tax sale scheduled, Address found, Delinquent taxes",Tax Sale List,TAXSALE-TX-22-01913,https://taxsales.lgbs.com/?cause=TX-22-01913
68,Tax Sale,TAXSALE,,Texas Suds Company,2451 W Ledbetter Dr,Dallas,TX,75233-4015,Attn Matt Wolov Mg Ptr 4710 Pin Oaks Cir,Rockwall,TX,75032,,"$7,810",Yes,,No,No,"Tax sale scheduled, Address found, Delinquent taxes",Tax Sale List,TAXSALE-TX-14-42171,https://taxsales.lgbs.com/?cause=TX-14-42171
68,Tax Sale,TAXSALE,,Weber Marvin,1113 W Main St,Lancaster,TX,75146,507 Timberland Dr,Red Oak,TX,75154,,"$68,720",Yes,,No,No,"Tax sale scheduled, Address found, Delinquent taxes",Tax Sale List,TAXSALE-TX-13-31237,https://taxsales.lgbs.com/?cause=TX-13-31237
68,Tax Sale,TAXSALE,,Dallas City Of,3516 Roberts Ave,Dallas,TX,75215,320 E Jefferson Blvd #203,Dallas,TX,75203,47616.7,"$49,040",Yes,"47,616.70",No,No,"Tax sale scheduled, Address found, Delinquent taxes",Tax Sale List,TAXSALE-TX-24-01844,https://taxsales.lgbs.com/?cause=TX-24-01844
68,Tax Sale,TAXSALE,,Dallas City Of,1906 Jb Jackson Jr Blvd,Dallas,TX,75210,320 E Jefferson Blvd #203,Dallas,TX,75203,19792.28,"$36,810",Yes,"19,792.28",No,No,"Tax sale scheduled, Address found, Delinquent taxes",Tax Sale List,TAXSALE-TX-23-00560,https://taxsales.lgbs.com/?cause=TX-23-00560
68,Tax Sale,TAXSALE,,Private Assurance,140 N Polk St,Desoto,TX,75115,621 Gardenia St C/O  Mcaddo,Desoto,TX,75115,,"$46,040",Yes,,No,No,"Tax sale scheduled, Address found, Delinquent taxes",Tax Sale List,TAXSALE-TX-18-02026,https://taxsales.lgbs.com/?cause=TX-18-02026
68,Tax Sale,TAXSALE,,Haynes F L,1600 Pine St,Dallas,TX,75215,1209 Serenade Ln,Dallas,TX,75241,33606.15,"$76,950",Yes,"33,606.15",No,No,"Tax sale scheduled, Address found, Delinquent taxes",Tax Sale List,TAXSALE-TX-22-01816,https://taxsales.lgbs.com/?cause=TX-22-01816
68,Tax Sale,TAXSALE,,Rodriguez Priscilla Yvonne,614 Wayne St,Dallas,TX,75223-1643,614 Wayne St,Dallas,TX,75223,9705.13,"$224,730",Yes,"9,705.13",No,No,"Tax sale scheduled, Address found, Delinquent taxes",Tax Sale List,TAXSALE-TX-21-00746,https://taxsales.lgbs.com/?cause=TX-21-00746
68,Tax Sale,TAXSALE,,Knight Kevin Morrel,2114 Britton Dr,Dallas,TX,75216,1214 E Woodin Blvd,Dallas,TX,75216,,"$260,880",Yes,,No,No,"Tax sale scheduled, Address found, Delinquent taxes",Tax Sale List,TAXSALE-TX-13-50025,https://taxsales.lgbs.com/?cause=TX-13-50025
68,Tax Sale,TAXSALE,,Pace Corwin Richard,7706 Garner Rd,Rowlett,TX,75088,7804 Garner Rd,Rowlett,TX,75088,,"$76,230",Yes,,No,No,"Tax sale scheduled, Address found, Delinquent taxes",Tax Sale List,TAXSALE-TX-17-00763,https://taxsales.lgbs.com/?cause=TX-17-00763
68,Tax Sale,TAXSALE,,Fuquay Shanda,"6498 Garner Rd., Rowlett, Tx",Rowlett,TX,75088,715 Glen Arbor Dr,Dallas,TX,75241,16999.06,"$14,250",Yes,"16,999.06",No,No,"Tax sale scheduled, Address found, Delinquent taxes",Tax Sale List,TAXSALE-TX-15-00323,https://taxsales.lgbs.com/?cause=TX-15-00323
68,Tax Sale,TAXSALE,,Fuquay Shanda,"6498 Garner Rd., Rowlett, Tx",Rowlett,TX,75088,715 Glen Arbor Dr,Dallas,TX,75241,17830.61,"$14,250",Yes,"17,830.61",No,No,"Tax sale scheduled, Address found, Delinquent taxes",Tax Sale List,TAXSALE-TX-15-00766,https://taxsales.lgbs.com/?cause=TX-15-00766
68,Tax Sale,TAXSALE,,Torres Carlos Delgado &,1415 E Louisiana Ave,Dallas,TX,75216,1415 E Louisiana Ave,Dallas,TX,75216,,"$70,000",Yes,,No,No,"Tax sale scheduled, Address found, Delinquent taxes",Tax Sale List,TAXSALE-TX-07-50007,https://taxsales.lgbs.com/?cause=TX-07-50007
68,Tax Sale,TAXSALE,,Loftice Lester C Est Of,1200 Renner Dr,Dallas,TX,75216,1200 Ranier St,Dallas,TX,75208,32674.41,"$22,500",Yes,"32,674.41",No,No,"Tax sale scheduled, Address found, Delinquent taxes",Tax Sale List,TAXSALE-TX-23-01065,https://taxsales.lgbs.com/?cause=TX-23-01065
68,Tax Sale,TAXSALE,,City & Country Homes Of America,1115 Richard St,Mesquite,TX,75149-1430,5576 N I45,Ennis,TX,75119,32732.82,,Yes,"32,732.82",No,No,"Tax sale scheduled, Address found, Delinquent taxes",Tax Sale List,TAXSALE-TX-19-01826,https://taxsales.lgbs.com/?cause=TX-19-01826
68,Tax Sale,TAXSALE,,Sosamma Abraham Est Of,1914 Cordia Dr,Mesquite,TX,75149-6640,1914 Cordia Dr,Mesquite,TX,75149,,"$339,510",Yes,,No,No,"Tax sale scheduled, Address found, Delinquent taxes",Tax Sale List,TAXSALE-TX-25-00550,https://taxsales.lgbs.com/?cause=TX-25-00550
68,Tax Sale,TAXSALE,,Texas Commerce Bank,6001 Dewitt,Sachse,TX,75048,6001 Dewitt St,Sachse,TX,75048,5730.0,"$13,000",Yes,"5,730.00",No,No,"Tax sale scheduled, Address found, Delinquent taxes",Tax Sale List,TAXSALE-TX-16-00651,https://taxsales.lgbs.com/?cause=TX-16-00651
68,Tax Sale,TAXSALE,,Burnworth Blake Evan,2980 Golfing Green Dr,Farmers Branch,TX,75234-4958,2980 Golfing Green Dr,Farmers Branch,TX,75234,,"$352,330",Yes,,No,No,"Tax sale scheduled, Address found, Delinquent taxes",Tax Sale List,TAXSALE-TX-17-01484,https://taxsales.lgbs.com/?cause=TX-17-01484
68,Tax Sale,TAXSALE,,,3650 W Post Oak Rd Nt,Dallas,TX,,,,TX,,2613.77,,Yes,"2,613.77",No,No,"Tax sale scheduled, Address found, Delinquent taxes",Tax Sale List,TAXSALE-TX-15-01072,https://taxsales.lgbs.com/?cause=TX-15-01072
68,Tax Sale,TAXSALE,,Mesquite City Of,5525 Club Crest Dr,Mesquite,TX,75150,1515 N Galloway Ave,Mesquite,TX,75149,14700.67,$100,Yes,"14,700.67",No,No,"Tax sale scheduled, Address found, Delinquent taxes",Tax Sale List,TAXSALE-TX-20-00795,https://taxsales.lgbs.com/?cause=TX-20-00795
68,Tax Sale,TAXSALE,,Church El Tabernaculo,313 E Malloy Bridge Rd,Seagoville,TX,75159-3113,405 Baker St,Seagoville,TX,75159,,"$75,000",Yes,,No,No,"Tax sale scheduled, Address found, Delinquent taxes",Tax Sale List,TAXSALE-TX-17-00991,https://taxsales.lgbs.com/?cause=TX-17-00991
68,Tax Sale,TAXSALE,,Ordonez Julio,315 E Malloy Bridge Rd,Seagoville,TX,75159,5606 Manchester Dr,Richardson,TX,75082,4734.25,"$37,500",Yes,"4,734.25",No,No,"Tax sale scheduled, Address found, Delinquent taxes",Tax Sale List,TAXSALE-TX-15-01066,https://taxsales.lgbs.com/?cause=TX-15-01066
68,Tax Sale,TAXSALE,,Greenhaw Danny,205 E Malloy Bridge Rd,Seagoville,TX,75159,7540 S Lancaster Rd C/O  Odell Taylor,Dallas,TX,75241,,"$18,750",Yes,,No,No,"Tax sale scheduled, Address found, Delinquent taxes",Tax Sale List,TAXSALE-TX-19-00979,https://taxsales.lgbs.com/?cause=TX-19-00979
68,Tax Sale,TAXSALE,,Winn Anna Mrs N Winn,310 E Malloy Bridge Rd,Seagoville,TX,75159,307 E Malloy Bridge Rd C/O  H Winn,Seagoville,TX,75159,,"$52,500",Yes,,No,No,"Tax sale scheduled, Address found, Delinquent taxes",Tax Sale List,TAXSALE-TX-17-01314,https://taxsales.lgbs.com/?cause=TX-17-01314
68,Tax Sale,TAXSALE,,Buchanan Michael C,1000 Tripp Rd,Mesquite,TX,75150,447 Blanning Dr,Dallas,TX,75218,25610.0,"$32,020",Yes,"25,610.00",No,No,"Tax sale scheduled, Address found, Delinquent taxes",Tax Sale List,TAXSALE-TX-19-02001,https://taxsales.lgbs.com/?cause=TX-19-02001
68,Tax Sale,TAXSALE,,Sims Doyle & Kelli,4419 Harvey Dr,Mesquite,TX,75150-1605,4419 Harvey Dr,Mesquite,TX,75150,15929.54,"$235,950",Yes,"15,929.54",No,No,"Tax sale scheduled, Address found, Delinquent taxes",Tax Sale List,TAXSALE-TX-19-01455,https://taxsales.lgbs.com/?cause=TX-19-01455
68,Tax Sale,TAXSALE,,Masedo Javier Jr,432 Fleet Cir,Mesquite,TX,75149-3720,432 Fleet Cir,Mesquite,TX,75149,,"$399,140",Yes,,No,No,"Tax sale scheduled, Address found, Delinquent taxes",Tax Sale List,TAXSALE-TX-20-00852,https://taxsales.lgbs.com/?cause=TX-20-00852
68,Tax Sale,TAXSALE,,Tippens Emuel Tr Est Of,1003 Fernwood Ave,Dallas,TX,75216-1271,1003 Fernwood Ave,Dallas,TX,75216,,"$242,540",Yes,,No,No,"Tax sale scheduled, Address found, Delinquent taxes",Tax Sale List,TAXSALE-TX-24-00167,https://taxsales.lgbs.com/?cause=TX-24-00167
68,Tax Sale,TAXSALE,,Madha Abraham,111 S Story Rd,Irving,TX,75060-2329,10750 Briar Forest Dr,Houston,TX,77042,,"$24,940",Yes,,No,No,"Tax sale scheduled, Address found, Delinquent taxes",Tax Sale List,TAXSALE-TX-18-01705,https://taxsales.lgbs.com/?cause=TX-18-01705
68,Tax Sale,TAXSALE,,Hardy Ricki Lynn &,111 S Kaufman St,Seagoville,TX,75159-3101,107 S Kaufman St,Seagoville,TX,75159,,"$156,830",Yes,,No,No,"Tax sale scheduled, Address found, Delinquent taxes",Tax Sale List,TAXSALE-TX-14-41274,https://taxsales.lgbs.com/?cause=TX-14-41274
68,Tax Sale,TAXSALE,,Coppell City Of,623 E Parkway Blvd,Coppell,TX,75019,Po Box 9478,Coppell,TX,75019,8203.21,"$12,500",Yes,"8,203.21",No,No,"Tax sale scheduled, Address found, Delinquent taxes",Tax Sale List,TAXSALE-TX-22-02037,https://taxsales.lgbs.com/?cause=TX-22-02037
68,Tax Sale,TAXSALE,,Reyna Cuauhtemoc Barajas,607 E Main St,Lancaster,TX,75146-3241,12304 Hunters Knoll Dr,Burleson,TX,76028,,"$57,910",Yes,,No,No,"Tax sale scheduled, Address found, Delinquent taxes",Tax Sale List,TAXSALE-TX-18-00980,https://taxsales.lgbs.com/?cause=TX-18-00980
68,Tax Sale,TAXSALE,,Ancira Jesse,1456 Park Circle Dr,Lancaster,TX,75134,1456 Park Circle Dr,Lancaster,TX,75134,,"$60,750",Yes,,No,No,"Tax sale scheduled, Address found, Delinquent taxes",Tax Sale List,TAXSALE-TX-18-01894,https://taxsales.lgbs.com/?cause=TX-18-01894
68,Tax Sale,TAXSALE,,Adame Juan D,743 W College St,Mesquite,TX,75149,745 W College St,Mesquite,TX,75149,12946.11,"$284,340",Yes,"12,946.11",No,No,"Tax sale scheduled, Address found, Delinquent taxes",Tax Sale List,TAXSALE-TX-23-02103,https://taxsales.lgbs.com/?cause=TX-23-02103
68,Tax Sale,TAXSALE,,Rowlett City Of,1929 Chiesa Rd,Rowlett,TX,75088,4000 Main St,Rowlett,TX,75088,,"$26,920",Yes,,No,No,"Tax sale scheduled, Address found, Delinquent taxes",Tax Sale List,TAXSALE-TX-20-00728,https://taxsales.lgbs.com/?cause=TX-20-00728
68,Tax Sale,TAXSALE,,Tapia Rosendo & Zenaida,3322 Utah Ave,Dallas,TX,75216-5234,3322 Utah Ave,Dallas,TX,75216,26002.47,"$174,800",Yes,"26,002.47",No,No,"Tax sale scheduled, Address found, Delinquent taxes",Tax Sale List,TAXSALE-TX-23-02150,https://taxsales.lgbs.com/?cause=TX-23-02150
68,Tax Sale,TAXSALE,,Smith Kelly Ann,1204 S Houston School Rd,Lancaster,TX,75146,1400 S Houston School Rd,Lancaster,TX,75146,,"$187,520",Yes,,No,No,"Tax sale scheduled, Address found, Delinquent taxes",Tax Sale List,TAXSALE-TX-15-01595,https://taxsales.lgbs.com/?cause=TX-15-01595
68,Tax Sale,TAXSALE,,Smith Kelly Ann,1204 S Houston School Rd,Lancaster,TX,75146,1400 S Houston School Rd,Lancaster,TX,75146,,"$187,520",Yes,,No,No,"Tax sale scheduled, Address found, Delinquent taxes",Tax Sale List,TAXSALE-TX-15-01595,https://taxsales.lgbs.com/?cause=TX-15-01595
68,Tax Sale,TAXSALE,,Vargas Sixto D Orellana &,1211 Dacki Ave,Dallas,TX,75211-4549,1211 Dacki Ave,Dallas,TX,75211,42324.59,"$319,200",Yes,"42,324.59",No,No,"Tax sale scheduled, Address found, Delinquent taxes",Tax Sale List,TAXSALE-TX-24-00256,https://taxsales.lgbs.com/?cause=TX-24-00256
68,Tax Sale,TAXSALE,,Dallas County Of,712 Elmo Dr,Seagoville,TX,75159-3422,500 Elm St Ste 5300,Dallas,TX,75202,49804.68,"$88,000",Yes,"49,804.68",No,No,"Tax sale scheduled, Address found, Delinquent taxes",Tax Sale List,TAXSALE-TX-17-00866,https://taxsales.lgbs.com/?cause=TX-17-00866
68,Tax Sale,TAXSALE,,Spears Mary Creel,7012 Red Bud Dr,Dallas,TX,75227,7012 Red Bud Dr,Dallas,TX,75227,16934.2,"$54,000",Yes,"16,934.20",No,No,"Tax sale scheduled, Address found, Delinquent taxes",Tax Sale List,TAXSALE-TX-17-01263,https://taxsales.lgbs.com/?cause=TX-17-01263
68,Tax Sale,TAXSALE,,Jolly Ruth Hendrick,2632 Burger Ave,Dallas,TX,75215-3511,2340 Scott St,Dallas,TX,75215,5928.55,"$88,880",Yes,"5,928.55",No,No,"Tax sale scheduled, Address found, Delinquent taxes",Tax Sale List,TAXSALE-TX-20-00827,https://taxsales.lgbs.com/?cause=TX-20-00827
68,Tax Sale,TAXSALE,,Weaver Fannie,3948 Myrtle St,Dallas,TX,75215-3818,3948 Myrtle St,Dallas,TX,75215,35000.0,"$51,000",Yes,"35,000.00",No,No,"Tax sale scheduled, Address found, Delinquent taxes",Tax Sale List,TAXSALE-TX-21-00812,https://taxsales.lgbs.com/?cause=TX-21-00812
68,Tax Sale,TAXSALE,,Cheeves Ray & Amatine,2900 Marideen Ave,Dallas,TX,75233,Unknown,Dallas,TX,75233,28000.0,"$44,580",Yes,"28,000.00",No,No,"Tax sale scheduled, Address found, Delinquent taxes",Tax Sale List,TAXSALE-TX-19-00043,https://taxsales.lgbs.com/?cause=TX-19-00043
68,Tax Sale,TAXSALE,,Cheeves Ray & Amatine,2934 Marideen Ave,Dallas,TX,75233,Unknown,Dallas,TX,75233,41102.94,"$44,980",Yes,"41,102.94",No,No,"Tax sale scheduled, Address found, Delinquent taxes",Tax Sale List,TAXSALE-TX-23-01559,https://taxsales.lgbs.com/?cause=TX-23-01559
68,Tax Sale,TAXSALE,,Nichols Jack W,2969 El Tovar Ave,Dallas,TX,75233,4050 Frankford Rd Apt 408,Dallas,TX,75287,25000.0,"$41,660",Yes,"25,000.00",No,No,"Tax sale scheduled, Address found, Delinquent taxes",Tax Sale List,TAXSALE-TX-23-00873,https://taxsales.lgbs.com/?cause=TX-23-00873
68,Tax Sale,TAXSALE,,Thrash Howard G,2961 El Tovar Ave,Dallas,TX,75233,3001 24Th St,Lubbock,TX,79410,26066.74,"$39,760",Yes,"26,066.74",No,No,"Tax sale scheduled, Address found, Delinquent taxes",Tax Sale List,TAXSALE-TX-25-00298,https://taxsales.lgbs.com/?cause=TX-25-00298
68,Tax Sale,TAXSALE,,Bell Robert A Jr,2973 El Tovar Ave,Dallas,TX,75233,2973 El Tovar Ave C/O  C B Obeirne,Dallas,TX,75233,12459.54,"$41,670",Yes,"12,459.54",No,No,"Tax sale scheduled, Address found, Delinquent taxes",Tax Sale List,TAXSALE-TX-17-00647,https://taxsales.lgbs.com/?cause=TX-17-00647
68,Tax Sale,TAXSALE,,Barber Ronald V Est Of,14107 Horseshoe Trl,Balch Springs,TX,75180-4155,14107 Horseshoe Trl,Balch Springs,TX,75180,,"$187,870",Yes,,No,No,"Tax sale scheduled, Address found, Delinquent taxes",Tax Sale List,TAXSALE-TX-24-00818,https://taxsales.lgbs.com/?cause=TX-24-00818
68,Tax Sale,TAXSALE,,Barnett Tracy E,6718 Manitoba Ave,Dallas,TX,75241,3416 Dwyer Ln,Flower Mound,TX,75022,14182.53,"$42,000",Yes,"14,182.53",No,No,"Tax sale scheduled, Address found, Delinquent taxes",Tax Sale List,TAXSALE-TX-23-01550,https://taxsales.lgbs.com/?cause=TX-23-01550
68,Tax Sale,TAXSALE,,Dallas City Of,2908 Carpenter Ave,Dallas,TX,75215,320 E Jefferson Blvd # 203,Dallas,TX,75203,44627.08,"$65,000",Yes,"44,627.08",No,No,"Tax sale scheduled, Address found, Delinquent taxes",Tax Sale List,TAXSALE-TX-22-00974,https://taxsales.lgbs.com/?cause=TX-22-00974
68,Tax Sale,TAXSALE,,Rico Francisco Javier,6917 Coleshire Dr,Dallas,TX,75232,6917 Coleshire Dr,Dallas,TX,75232,,"$317,010",Yes,,No,No,"Tax sale scheduled, Address found, Delinquent taxes",Tax Sale List,TAXSALE-TX-14-50055,https://taxsales.lgbs.com/?cause=TX-14-50055
68,Tax Sale,TAXSALE,,Robinson Wanda L,3103 Mcdermott Ave,Dallas,TX,75215-3922,3103 Mcdermott Ave,Dallas,TX,75215,26305.31,"$121,260",Yes,"26,305.31",No,No,"Tax sale scheduled, Address found, Delinquent taxes",Tax Sale List,TAXSALE-TX-25-00185,https://taxsales.lgbs.com/?cause=TX-25-00185
68,Tax Sale,TAXSALE,,Dallas City Of,3525 Penelope St,Dallas,TX,75210,320 E Jefferson Blvd # 203,Dallas,TX,75203,14648.0,"$26,010",Yes,"14,648.00",No,No,"Tax sale scheduled, Address found, Delinquent taxes",Tax Sale List,TAXSALE-TX-19-02178,https://taxsales.lgbs.com/?cause=TX-19-02178
68,Tax Sale,TAXSALE,,Clearbay Corporation,13638 Biggs St,Dallas,TX,75253,6220 Bentwood Trl Apt 1207,Dallas,TX,75252,4500.0,"$18,750",Yes,"4,500.00",No,No,"Tax sale scheduled, Address found, Delinquent taxes",Tax Sale List,TAXSALE-TX-22-01441,https://taxsales.lgbs.com/?cause=TX-22-01441
68,Tax Sale,TAXSALE,,Brooks Cheryl Ann Pennington,2945 Gloyd St,Dallas,TX,75203,18982 State Highway 64,Canton,TX,75103,46101.47,"$78,750",Yes,"46,101.47",No,No,"Tax sale scheduled, Address found, Delinquent taxes",Tax Sale List,TAXSALE-TX-24-02097,https://taxsales.lgbs.com/?cause=TX-24-02097
68,Tax Sale,TAXSALE,,Shofner Lee Arthur Jr,2719 Cross St,Dallas,TX,75210-2037,6721 Branch Creek Dr,Ft Worth,TX,76132,23033.91,"$27,960",Yes,"23,033.91",No,No,"Tax sale scheduled, Address found, Delinquent taxes",Tax Sale List,TAXSALE-TX-21-00751,https://taxsales.lgbs.com/?cause=TX-21-00751
68,Tax Sale,TAXSALE,,Jacobs Jack Tr Of,1466 No Name St,Desoto,TX,,1005 Arlena Dr,Arlington,TX,76012,,"$229,020",Yes,,No,No,"Tax sale scheduled, Address found, Delinquent taxes",Tax Sale List,TAXSALE-TX-18-01859,https://taxsales.lgbs.com/?cause=TX-18-01859
68,Tax Sale,TAXSALE,,Rivera Amy,1406 Oakley Ave,Dallas,TX,75216,1406 Oakley Ave,Dallas,TX,75216,,"$345,530",Yes,,No,No,"Tax sale scheduled, Address found, Delinquent taxes",Tax Sale List,TAXSALE-TX-12-50022,https://taxsales.lgbs.com/?cause=TX-12-50022
68,Tax Sale,TAXSALE,,Beaudry Winn & Winn,1651 Presidio Ave,Dallas,TX,75216,1601 Elm St Ste 4200,Dallas,TX,75201,,"$95,000",Yes,,No,No,"Tax sale scheduled, Address found, Delinquent taxes",Tax Sale List,TAXSALE-TX-12-50116,https://taxsales.lgbs.com/?cause=TX-12-50116
68,Tax Sale,TAXSALE,,Armstrong Jerry Dale Jr,502 W Malloy Bridge Rd,Seagoville,TX,75159-3538,805 Combine Rd,Seagoville,TX,75159,,"$673,920",Yes,,No,No,"Tax sale scheduled, Address found, Delinquent taxes",Tax Sale List,TAXSALE-TX-16-01227,https://taxsales.lgbs.com/?cause=TX-16-01227
68,Tax Sale,TAXSALE,,Coppell City Of,1800 State Hwy 121,Coppell,TX,75019,Po Box 9478,Coppell,TX,75019,33952.06,"$3,430",Yes,"33,952.06",No,No,"Tax sale scheduled, Address found, Delinquent taxes",Tax Sale List,TAXSALE-TX-15-01931,https://taxsales.lgbs.com/?cause=TX-15-01931
68,Tax Sale,TAXSALE,,Cumes Jorge Luis,10335 Desdemona Dr,Dallas,TX,75228-3206,10335 Desdemona Dr,Dallas,TX,75228,31331.1,"$737,490",Yes,"31,331.10",No,No,"Tax sale scheduled, Address found, Delinquent taxes",Tax Sale List,TAXSALE-TX-23-01958,https://taxsales.lgbs.com/?cause=TX-23-01958
68,Tax Sale,TAXSALE,,Jenkins Patsy Est Of,2947 Arizona Ave,Dallas,TX,75216-4223,1151 Esters Rd Apt 406,Irving,TX,75061,,,Yes,,No,No,"Tax sale scheduled, Address found, Delinquent taxes",Tax Sale List,TAXSALE-TX-23-01049,https://taxsales.lgbs.com/?cause=TX-23-01049
68,Tax Sale,TAXSALE,,Dallas City Of,3521 Penelope St,Dallas,TX,75210-1933,320 E Jefferson Blvd # 203,Dallas,TX,75203,47709.93,"$26,920",Yes,"47,709.93",No,No,"Tax sale scheduled, Address found, Delinquent taxes",Tax Sale List,TAXSALE-TX-22-00450,https://taxsales.lgbs.com/?cause=TX-22-00450
68,Tax Sale,TAXSALE,,Garza Jesus Rivera,3018 Mcneil St,Dallas,TX,75227,7605 Scyene Rd,Dallas,TX,75227,,"$346,740",Yes,,No,No,"Tax sale scheduled, Address found, Delinquent taxes",Tax Sale List,TAXSALE-TX-22-01249,https://taxsales.lgbs.com/?cause=TX-22-01249
68,Tax Sale,TAXSALE,,Ortega Jose,3528 E Ledbetter Dr,Dallas,TX,75236,1217 W Red Bird Ln,Dallas,TX,75232,31079.26,"$86,610",Yes,"31,079.26",No,No,"Tax sale scheduled, Address found, Delinquent taxes",Tax Sale List,TAXSALE-TX-23-01216,https://taxsales.lgbs.com/?cause=TX-23-01216
68,Tax Sale,TAXSALE,,Kirven Lorine Est Of,1331 Exeter Ave,Dallas,TX,75216-6210,1331 Exeter Ave,Dallas,TX,75216,,"$186,830",Yes,,No,No,"Tax sale scheduled, Address found, Delinquent taxes",Tax Sale List,TAXSALE-TX-25-00261,https://taxsales.lgbs.com/?cause=TX-25-00261
68,Tax Sale,TAXSALE,,Capital Center Property,1515 Capital Dr,Carrollton,TX,75006,Po Box 831178,Richardson,TX,75083,,"$10,880",Yes,,No,No,"Tax sale scheduled, Address found, Delinquent taxes",Tax Sale List,TAXSALE-TX-15-02304,https://taxsales.lgbs.com/?cause=TX-15-02304
68,Tax Sale,TAXSALE,,Dallas City Of,2113 Shellhorse Dr,Dallas,TX,75241,320 E Jefferson Blvd #203,Dallas,TX,75203,31231.25,"$37,500",Yes,"31,231.25",No,No,"Tax sale scheduled, Address found, Delinquent taxes",Tax Sale List,TAXSALE-TX-23-01118,https://taxsales.lgbs.com/?cause=TX-23-01118
68,Tax Sale,TAXSALE,,Castillo Nelli,723 Ard Rd,Seagoville,TX,75159-1907,12405 Seagoville Rd,Balch Springs,TX,75180,,"$223,670",Yes,,No,No,"Tax sale scheduled, Address found, Delinquent taxes",Tax Sale List,TAXSALE-TX-17-00771,https://taxsales.lgbs.com/?cause=TX-17-00771
68,Tax Sale,TAXSALE,,Arafat Mohammed,3403 Toronto St,Dallas,TX,75212,3403 Toronto St,Dallas,TX,75212,,"$413,840",Yes,,No,No,"Tax sale scheduled, Address found, Delinquent taxes",Tax Sale List,TAXSALE-TX-12-50031,https://taxsales.lgbs.com/?cause=TX-12-50031
68,Tax Sale,TAXSALE,,Texas Lone Star,4414 Garrison St,Dallas,TX,75216,3416 Dwyer Ln,Flower Mound,TX,75022,18347.35,"$40,000",Yes,"18,347.35",No,No,"Tax sale scheduled, Address found, Delinquent taxes",Tax Sale List,TAXSALE-TX-22-01420,https://taxsales.lgbs.com/?cause=TX-22-01420
68,Tax Sale,TAXSALE,,Correa Maria,4841 Bernal Dr,Dallas,TX,75212-3302,4841 Bernal Dr,Dallas,TX,75212,,"$13,190",Yes,,No,No,"Tax sale scheduled, Address found, Delinquent taxes",Tax Sale List,TAXSALE-TX-19-01989,https://taxsales.lgbs.com/?cause=TX-19-01989
68,Tax Sale,TAXSALE,,Dallas City Of,4215 Marshall Drive,Dallas,TX,75210-1616,320 E Jefferson Blvd #203,Dallas,TX,75203,36064.68,"$41,760",Yes,"36,064.68",No,No,"Tax sale scheduled, Address found, Delinquent taxes",Tax Sale List,TAXSALE-TX-24-00663,https://taxsales.lgbs.com/?cause=TX-24-00663
68,Tax Sale,TAXSALE,,Johnson A Wayne,700 W Stark Rd,Seagoville,TX,75159,700 W Stark Rd,Seagoville,TX,75159,,"$246,350",Yes,,No,No,"Tax sale scheduled, Address found, Delinquent taxes",Tax Sale List,TAXSALE-TX-18-01991,https://taxsales.lgbs.com/?cause=TX-18-01991
68,Tax Sale,TAXSALE,,Laster Abe,4335 Copeland St,Dallas,TX,75210-1665,3234 Fairview Ave C/O  Erma Lee Laster,Dallas,TX,75223,36816.77,"$44,770",Yes,"36,816.77",No,No,"Tax sale scheduled, Address found, Delinquent taxes",Tax Sale List,TAXSALE-TX-14-50042,https://taxsales.lgbs.com/?cause=TX-14-50042
68,Tax Sale,TAXSALE,,Cano Greg,9538 Circlewood Dr,Dallas,TX,75217,9534 Circlewood Dr,Dallas,TX,75217,30999.24,"$85,000",Yes,"30,999.24",No,No,"Tax sale scheduled, Address found, Delinquent taxes",Tax Sale List,TAXSALE-TX-22-00667,https://taxsales.lgbs.com/?cause=TX-22-00667
68,Tax Sale,TAXSALE,,Zuniga Jose Luis & Andrea,2010 N Saint Augustine Dr,Dallas,TX,75217-2517,2010 N Saint Augustine Dr,Dallas,TX,75217,3128.65,"$352,120",Yes,"3,128.65",No,No,"Tax sale scheduled, Address found, Delinquent taxes",Tax Sale List,TAXSALE-TX-23-01302,https://taxsales.lgbs.com/?cause=TX-23-01302
68,Tax Sale,TAXSALE,,Gorrostieta Adan &,10019 Muskogee Dr,Dallas,TX,75217-3048,10019 Muskogee Dr,Dallas,TX,75217,,"$335,470",Yes,,No,No,"Tax sale scheduled, Address found, Delinquent taxes",Tax Sale List,TAXSALE-TX-16-01192,https://taxsales.lgbs.com/?cause=TX-16-01192
68,Tax Sale,TAXSALE,,Lewis Anthony W Sr,10359 Cymbal Dr,Dallas,TX,75217-3320,Po Box 863926,Plano,TX,75086,43920.0,"$25,000",Yes,"43,920.00",No,No,"Tax sale scheduled, Address found, Delinquent taxes",Tax Sale List,TAXSALE-TX-22-00733,https://taxsales.lgbs.com/?cause=TX-22-00733
68,Tax Sale,TAXSALE,,Stansbury L R,3518 Linfield Rd,Dallas,TX,75216,Po Box 156,Mesquite,TX,75149,15000.0,"$65,000",Yes,"15,000.00",No,No,"Tax sale scheduled, Address found, Delinquent taxes",Tax Sale List,TAXSALE-TX-18-01303,https://taxsales.lgbs.com/?cause=TX-18-01303
68,Tax Sale,TAXSALE,,Davis Ken,3304 Kyser St,Dallas,TX,75216-4978,3304 Kyser St,Dallas,TX,75216,30244.52,"$65,000",Yes,"30,244.52",No,No,"Tax sale scheduled, Address found, Delinquent taxes",Tax Sale List,TAXSALE-TX-22-00265,https://taxsales.lgbs.com/?cause=TX-22-00265
68,Tax Sale,TAXSALE,,Owens Marcus L & Joice S,5700 Ranchero Ln,Dallas,TX,75236,5238 Mona Ln,Dallas,TX,75236,22613.62,"$100,000",Yes,"22,613.62",No,No,"Tax sale scheduled, Address found, Delinquent taxes",Tax Sale List,TAXSALE-TX-16-00774,https://taxsales.lgbs.com/?cause=TX-16-00774
68,Tax Sale,TAXSALE,,Sweatt Mary Lois Hudson &,2803 Tanner St,Dallas,TX,75215,2803 Tanner St,Dallas,TX,75215,30281.69,"$50,000",Yes,"30,281.69",No,No,"Tax sale scheduled, Address found, Delinquent taxes",Tax Sale List,TAXSALE-TX-22-00009,https://taxsales.lgbs.com/?cause=TX-22-00009
68,Tax Sale,TAXSALE,,Avera A F,1617 Loris Ln,Dallas,TX,75216,1617 Loris Ln,Dallas,TX,75216,7500.0,"$9,000",Yes,"7,500.00",No,No,"Tax sale scheduled, Address found, Delinquent taxes",Tax Sale List,TAXSALE-TX-23-01374,https://taxsales.lgbs.com/?cause=TX-23-01374
68,Tax Sale,TAXSALE,,Lockett Robert,4006 Puget St,Dallas,TX,75212,4002 Puget St,Dallas,TX,75212,,"$116,050",Yes,,No,No,"Tax sale scheduled, Address found, Delinquent taxes",Tax Sale List,TAXSALE-TX-22-01296,https://taxsales.lgbs.com/?cause=TX-22-01296
68,Tax Sale,TAXSALE,,Paz Amanda Gonzalez &,1637 Grinnell St,Dallas,TX,75216-5525,3927 Fernwood Ave,Dallas,TX,75216,41639.01,"$323,980",Yes,"41,639.01",No,No,"Tax sale scheduled, Address found, Delinquent taxes",Tax Sale List,TAXSALE-TX-19-01153,https://taxsales.lgbs.com/?cause=TX-19-01153
68,Tax Sale,TAXSALE,,Hawkins David R Ii,1719 E Ann Arbor Ave,Dallas,TX,75216,Po Box 901,Rockwall,TX,75087,16773.52,"$40,000",Yes,"16,773.52",No,No,"Tax sale scheduled, Address found, Delinquent taxes",Tax Sale List,TAXSALE-TX-23-02184,https://taxsales.lgbs.com/?cause=TX-23-02184
68,Tax Sale,TAXSALE,,Zapata Jesus,421 W Lawson Rd,Dallas,TX,75253-6211,421 W Lawson Rd,Dallas,TX,75253,,"$4,420",Yes,,No,No,"Tax sale scheduled, Address found, Delinquent taxes",Tax Sale List,TAXSALE-JC13-00082E,https://taxsales.lgbs.com/?cause=JC13-00082E
68,Tax Sale,TAXSALE,,Smith Arnett,3935 Sonora Ave,Dallas,TX,75216,315 Appian Way,Dallas,TX,75216,,"$100,000",Yes,,No,No,"Tax sale scheduled, Address found, Delinquent taxes",Tax Sale List,TAXSALE-TX-16-01008,https://taxsales.lgbs.com/?cause=TX-16-01008
68,Tax Sale,TAXSALE,,Gil Jose I Ayala,3934 Sonora Ave,Dallas,TX,75216,3232 E Overton Rd,Dallas,TX,75216,,"$330,330",Yes,,No,No,"Tax sale scheduled, Address found, Delinquent taxes",Tax Sale List,TAXSALE-TX-12-50037,https://taxsales.lgbs.com/?cause=TX-12-50037
68,Tax Sale,TAXSALE,,Eke Caleb Osamamwen,1442 Owega Ave,Dallas,TX,75216,1442 Owega Ave,Dallas,TX,75216,,"$298,000",Yes,,No,No,"Tax sale scheduled, Address found, Delinquent taxes",Tax Sale List,TAXSALE-TX-12-50047,https://taxsales.lgbs.com/?cause=TX-12-50047
68,Tax Sale,TAXSALE,,Dallas City Of,5120 Rosine Ave,Dallas,TX,75215,320 E Jefferson Blvd # 203,Dallas,TX,75203,21575.21,"$41,540",Yes,"21,575.21",No,No,"Tax sale scheduled, Address found, Delinquent taxes",Tax Sale List,TAXSALE-TX-22-01880,https://taxsales.lgbs.com/?cause=TX-22-01880
68,Tax Sale,TAXSALE,,Mendoza Francisco & Elisa,15 No Name St,Lancaster,TX,75134,2730 Western Hills Dr,Lancaster,TX,75146,14684.71,"$164,950",Yes,"14,684.71",No,No,"Tax sale scheduled, Address found, Delinquent taxes",Tax Sale List,TAXSALE-TX-20-00218,https://taxsales.lgbs.com/?cause=TX-20-00218
68,Tax Sale,TAXSALE,,Tyler Mavin J,1718 Garza Ave,Dallas,TX,75216-5524,4244 Flamingo Way,Mesquite,TX,75150,,"$80,000",Yes,,No,No,"Tax sale scheduled, Address found, Delinquent taxes",Tax Sale List,TAXSALE-TX-16-00955,https://taxsales.lgbs.com/?cause=TX-16-00955
68,Tax Sale,TAXSALE,,Thomas O B Jr,4214 S 2Nd Ave,Dallas,TX,75210-2707,4214 S 2Nd Ave,Dallas,TX,75210,,"$3,860",Yes,,No,No,"Tax sale scheduled, Address found, Delinquent taxes",Tax Sale List,TAXSALE-TX-19-00799,https://taxsales.lgbs.com/?cause=TX-19-00799
68,Tax Sale,TAXSALE,,Lyons James C,724 Parkdale Ln,Desoto,TX,75115,7337 Lake Rock Dr,Fort Worth,TX,76179,12037.42,"$56,680",Yes,"12,037.42",No,No,"Tax sale scheduled, Address found, Delinquent taxes",Tax Sale List,TAXSALE-TX-22-00618,https://taxsales.lgbs.com/?cause=TX-22-00618
68,Tax Sale,TAXSALE,,Freeman Pamela Denise,301 Oakwood Dr,Lancaster,TX,75146-2823,301 Oakwood Dr,Lancaster,TX,75146,,"$376,530",Yes,,No,No,"Tax sale scheduled, Address found, Delinquent taxes",Tax Sale List,TAXSALE-TX-17-01254,https://taxsales.lgbs.com/?cause=TX-17-01254
68,Tax Sale,TAXSALE,,Ferrer Victoria Montiel &,2327 Exeter Ave,Dallas,TX,75216,2327 Exeter Ave,Dallas,TX,75216,,"$345,250",Yes,,No,No,"Tax sale scheduled, Address found, Delinquent taxes",Tax Sale List,TAXSALE-TX-12-50120,https://taxsales.lgbs.com/?cause=TX-12-50120
68,Tax Sale,TAXSALE,,Medina Juan Jose &,3606 Morris St,Dallas,TX,75212,3606 Morris St,Dallas,TX,75212,,"$414,290",Yes,,No,No,"Tax sale scheduled, Address found, Delinquent taxes",Tax Sale List,TAXSALE-TX-06-50020,https://taxsales.lgbs.com/?cause=TX-06-50020
68,Tax Sale,TAXSALE,,Johnson A Wayne,700 W Stark Rd,Seagoville,TX,75159,700 W Stark Rd,Seagoville,TX,75159,,"$246,350",Yes,,No,No,"Tax sale scheduled, Address found, Delinquent taxes",Tax Sale List,TAXSALE-TX-18-01991,https://taxsales.lgbs.com/?cause=TX-18-01991
68,Tax Sale,TAXSALE,,Johnson A Wayne,704 W Stark Rd,Seagoville,TX,75159-2522,704 W Stark Rd,Seagoville,TX,75159,,"$569,230",Yes,,No,No,"Tax sale scheduled, Address found, Delinquent taxes",Tax Sale List,TAXSALE-TX-18-01991,https://taxsales.lgbs.com/?cause=TX-18-01991
68,Tax Sale,TAXSALE,,Dunn Jesse &,1004 Bowers Rd,Seagoville,TX,75159,1721 John West Rd Apt 414,Dallas,TX,75228,,"$160,000",Yes,,No,No,"Tax sale scheduled, Address found, Delinquent taxes",Tax Sale List,TAXSALE-TX-16-00852,https://taxsales.lgbs.com/?cause=TX-16-00852
68,Tax Sale,TAXSALE,,Wilson Georgia,2906 Persimmon Rd,Dallas,TX,75241,1231 Ranch Valley Dr C/O  Mildred Wright,Desoto,TX,75115,11481.39,"$84,830",Yes,"11,481.39",No,No,"Tax sale scheduled, Address found, Delinquent taxes",Tax Sale List,TAXSALE-TX-15-01040,https://taxsales.lgbs.com/?cause=TX-15-01040
68,Tax Sale,TAXSALE,,Dallas City Of,5631 Bonnie View Rd,Dallas,TX,75241,320 E Jefferson Blvd #203,Dallas,TX,75203,43863.08,"$49,600",Yes,"43,863.08",No,No,"Tax sale scheduled, Address found, Delinquent taxes",Tax Sale List,TAXSALE-TX-23-00823,https://taxsales.lgbs.com/?cause=TX-23-00823
68,Tax Sale,TAXSALE,,Craig Johnnie Jr,2 Persimmon Rd,Dallas,TX,75241,1724 E Red Bird Ln C/O  Charles E Craig,Dallas,TX,75241,14501.53,"$49,160",Yes,"14,501.53",No,No,"Tax sale scheduled, Address found, Delinquent taxes",Tax Sale List,TAXSALE-TX-22-01572,https://taxsales.lgbs.com/?cause=TX-22-01572
68,Tax Sale,TAXSALE,,Vaughn L A Jr &,2724 Fatima Ave,Dallas,TX,75241,Po Box 35274,Dallas,TX,75235,24294.02,"$35,000",Yes,"24,294.02",No,No,"Tax sale scheduled, Address found, Delinquent taxes",Tax Sale List,TAXSALE-TX-20-00108,https://taxsales.lgbs.com/?cause=TX-20-00108
68,Tax Sale,TAXSALE,,Birdine Eddie B,2931 Benrock St.,Dallas,TX,,6340 Bowling Brook Dr,Dallas,TX,75241,1329.43,"$38,500",Yes,"1,329.43",No,No,"Tax sale scheduled, Address found, Delinquent taxes",Tax Sale List,TAXSALE-TX-15-00845,https://taxsales.lgbs.com/?cause=TX-15-00845
68,Tax Sale,TAXSALE,,Birdine Eddie B,2923 Benrock St.,Dallas,TX,,6340 Bowling Brook Dr,Dallas,TX,75241,2777.22,"$38,500",Yes,"2,777.22",No,No,"Tax sale scheduled, Address found, Delinquent taxes",Tax Sale List,TAXSALE-TX-15-00845,https://taxsales.lgbs.com/?cause=TX-15-00845
68,Tax Sale,TAXSALE,,Birdine Eddie B,2915 Benrock St.,Dallas,TX,,6340 Bowling Brook Dr,Dallas,TX,75241,2777.22,"$38,500",Yes,"2,777.22",No,No,"Tax sale scheduled, Address found, Delinquent taxes",Tax Sale List,TAXSALE-TX-15-00845,https://taxsales.lgbs.com/?cause=TX-15-00845
68,Tax Sale,TAXSALE,,Kelley Allison,6424 Cinnamon Oaks Dr,Dallas,TX,75241-5918,6424 Cinnamon Oaks Dr,Dallas,TX,75241,,"$315,510",Yes,,No,No,"Tax sale scheduled, Address found, Delinquent taxes",Tax Sale List,TAXSALE-TX-16-00614,https://taxsales.lgbs.com/?cause=TX-16-00614
68,Tax Sale,TAXSALE,,Harris L B,5922 Chelsea Avenue,Dallas,TX,75241,721 E 32Nd St C/O  Lonnie B Harris,Houston,TX,77022,12340.85,"$56,000",Yes,"12,340.85",No,No,"Tax sale scheduled, Address found, Delinquent taxes",Tax Sale List,TAXSALE-TX-22-01387,https://taxsales.lgbs.com/?cause=TX-22-01387
68,Tax Sale,TAXSALE,,Estrada G P,2552 Wood Valley Pl,Dallas,TX,75211-7837,2552 Wood Valley Pl,Dallas,TX,75211,,"$240,890",Yes,,No,No,"Tax sale scheduled, Address found, Delinquent taxes",Tax Sale List,TAXSALE-TX-16-02474,https://taxsales.lgbs.com/?cause=TX-16-02474
68,Tax Sale,TAXSALE,,Sinclair Cliff,1 Chaha Rd.,Rowlett,TX,,12400 State Highway 71 W Pmb 137,Bee Cave,TX,78738,,"$17,900",Yes,,No,No,"Tax sale scheduled, Address found, Delinquent taxes",Tax Sale List,TAXSALE-TX-13-30857,https://taxsales.lgbs.com/?cause=TX-13-30857
68,Tax Sale,TAXSALE,,Johnson Michael,400 Redell St,Garland,TX,75040-5649,2632 Patrice Dr,Garland,TX,75041,24870.65,"$341,140",Yes,"24,870.65",No,No,"Tax sale scheduled, Address found, Delinquent taxes",Tax Sale List,TAXSALE-TX-23-00021,https://taxsales.lgbs.com/?cause=TX-23-00021
68,Tax Sale,TAXSALE,,Height Louis C,2800 W Jefferson Blvd,Dallas,TX,75211,1847 Bickers St,Dallas,TX,75212,2470.0,"$46,750",Yes,"2,470.00",No,No,"Tax sale scheduled, Address found, Delinquent taxes",Tax Sale List,TAXSALE-TX-19-01645,https://taxsales.lgbs.com/?cause=TX-19-01645
68,Tax Sale,TAXSALE,,Raye Corley L,1331 Selkirk Dr,Dallas,TX,75216,1331 Selkirk Dr,Dallas,TX,75216,37500.0,"$87,500",Yes,"37,500.00",No,No,"Tax sale scheduled, Address found, Delinquent taxes",Tax Sale List,TAXSALE-TX-19-01675,https://taxsales.lgbs.com/?cause=TX-19-01675
68,Tax Sale,TAXSALE,,Lowery Jack D,418 Willis Dr,Seagoville,TX,75159-1309,326 E Stark Rd,Seagoville,TX,75159,,"$25,000",Yes,,No,No,"Tax sale scheduled, Address found, Delinquent taxes",Tax Sale List,TAXSALE-TX-18-01792,https://taxsales.lgbs.com/?cause=TX-18-01792
68,Tax Sale,TAXSALE,,,9999 Forest Meadow Trl.,Dallas,TX,,,,TX,,9708.13,,Yes,"9,708.13",No,No,"Tax sale scheduled, Address found, Delinquent taxes",Tax Sale List,TAXSALE-TX-16-00743,https://taxsales.lgbs.com/?cause=TX-16-00743
68,Tax Sale,TAXSALE,,Butler Carl Etal,326 Lakey Rd,Seagoville,TX,75159,326 W Brownlee Ave C/O  Billie Mcmurray,Dallas,TX,75224,39048.31,"$37,500",Yes,"39,048.31",No,No,"Tax sale scheduled, Address found, Delinquent taxes",Tax Sale List,TAXSALE-TX-19-00117,https://taxsales.lgbs.com/?cause=TX-19-00117
68,Tax Sale,TAXSALE,,Butler Carl Etal,326 Lakey Rd,Seagoville,TX,75159,326 W Brownlee Ave C/O  Billie Mcmurray,Dallas,TX,75224,,"$37,500",Yes,,No,No,"Tax sale scheduled, Address found, Delinquent taxes",Tax Sale List,TAXSALE-TX-19-00251,https://taxsales.lgbs.com/?cause=TX-19-00251
68,Tax Sale,TAXSALE,,Bailey Shawn,414 Baker St,Seagoville,TX,75159,1109 Bowie St,Garland,TX,75040,5571.73,"$50,000",Yes,"5,571.73",No,No,"Tax sale scheduled, Address found, Delinquent taxes",Tax Sale List,TAXSALE-TX-11-30439,https://taxsales.lgbs.com/?cause=TX-11-30439
68,Tax Sale,TAXSALE,,Alexander Alicia,901 Armstrong Rd,Seagoville,TX,75159-3409,4005 Cornell Dr,Garland,TX,75042,,"$80,000",Yes,,No,No,"Tax sale scheduled, Address found, Delinquent taxes",Tax Sale List,TAXSALE-TX-16-00602,https://taxsales.lgbs.com/?cause=TX-16-00602
68,Tax Sale,TAXSALE,,Chambers Albert,913 Armstrong Rd,Seagoville,TX,75159,913 Armstrong Rd,Seagoville,TX,5,,"$120,000",Yes,,No,No,"Tax sale scheduled, Address found, Delinquent taxes",Tax Sale List,TAXSALE-TX-17-00290,https://taxsales.lgbs.com/?cause=TX-17-00290
68,Tax Sale,TAXSALE,,Bates Ida Bell,901 Netherland Dr,Seagoville,TX,75159,13660 C F Hawn Fwy Apt 175,Dallas,TX,75253,,"$120,000",Yes,,No,No,"Tax sale scheduled, Address found, Delinquent taxes",Tax Sale List,TAXSALE-TX-17-00770,https://taxsales.lgbs.com/?cause=TX-17-00770
68,Tax Sale,TAXSALE,,Mcdowell George Edward,903 Netherland Dr,Seagoville,TX,75159,704 Elmo Dr,Seagoville,TX,75159,,"$120,000",Yes,,No,No,"Tax sale scheduled, Address found, Delinquent taxes",Tax Sale List,TAXSALE-TX-19-00551,https://taxsales.lgbs.com/?cause=TX-19-00551
68,Tax Sale,TAXSALE,,Chambers Louis,504 Stafford Dr,Seagoville,TX,75159,614 Stafford Dr,Seagoville,TX,75159,,"$80,000",Yes,,No,No,"Tax sale scheduled, Address found, Delinquent taxes",Tax Sale List,TAXSALE-TX-17-00802,https://taxsales.lgbs.com/?cause=TX-17-00802
68,Tax Sale,TAXSALE,,Cerda Hilario Contreras,613 Stafford Dr,Seagoville,TX,75159,613 Stafford Dr,Seagoville,TX,75159,,"$100,000",Yes,,No,No,"Tax sale scheduled, Address found, Delinquent taxes",Tax Sale List,TAXSALE-TX-17-01070,https://taxsales.lgbs.com/?cause=TX-17-01070
68,Tax Sale,TAXSALE,,Castrllanos  Mario J,607 Stafford Dr,Seagoville,TX,75159,607 Stafford Dr,Seagoville,TX,75159,,"$80,000",Yes,,No,No,"Tax sale scheduled, Address found, Delinquent taxes",Tax Sale List,TAXSALE-TX-17-01070,https://taxsales.lgbs.com/?cause=TX-17-01070
68,Tax Sale,TAXSALE,,Castellanos Mario J,603 Stafford Dr,Seagoville,TX,75159,603 Stafford Dr,Seagoville,TX,75159,,"$80,000",Yes,,No,No,"Tax sale scheduled, Address found, Delinquent taxes",Tax Sale List,TAXSALE-TX-17-01070,https://taxsales.lgbs.com/?cause=TX-17-01070
68,Tax Sale,TAXSALE,,Daily Mary,509 Stafford Dr,Seagoville,TX,75159,509 Stafford Dr,Seagoville,TX,75159,,"$80,000",Yes,,No,No,"Tax sale scheduled, Address found, Delinquent taxes",Tax Sale List,TAXSALE-TX-17-00979,https://taxsales.lgbs.com/?cause=TX-17-00979
68,Tax Sale,TAXSALE,,Bowie Earl L Est Of,507 Dice St,Seagoville,TX,75159,622 Meadowridge St C/O Tommy Scott,Ferris,TX,75125,,"$59,500",Yes,,No,No,"Tax sale scheduled, Address found, Delinquent taxes",Tax Sale List,TAXSALE-TX-18-00418,https://taxsales.lgbs.com/?cause=TX-18-00418
68,Tax Sale,TAXSALE,,Richmond Rayfield Allen,404 Washington St,Seagoville,TX,75159,404 Washington St,Seagoville,TX,75159,5000.0,"$35,000",Yes,"5,000.00",No,No,"Tax sale scheduled, Address found, Delinquent taxes",Tax Sale List,TAXSALE-TX-16-01395,https://taxsales.lgbs.com/?cause=TX-16-01395
68,Tax Sale,TAXSALE,,Caballero Maria M,414 Washington St,Seagoville,TX,75159,10091 Interstate 45,Ferris,TX,75125,6700.87,"$21,000",Yes,"6,700.87",No,No,"Tax sale scheduled, Address found, Delinquent taxes",Tax Sale List,TAXSALE-TX-22-01743,https://taxsales.lgbs.com/?cause=TX-22-01743
68,Tax Sale,TAXSALE,,Boehringer E O Mrs,102 S Bluegrove Rd,Lancaster,TX,75146,180 S Bluegrove Rd,Lancaster,TX,75146,,"$76,500",Yes,,No,No,"Tax sale scheduled, Address found, Delinquent taxes",Tax Sale List,TAXSALE-TX-17-01468,https://taxsales.lgbs.com/?cause=TX-17-01468
68,Tax Sale,TAXSALE,,Dalals City Of,1204 Comanche St,Dallas,TX,75203,320 E Jefferson Blvd # 203,Dallas,TX,75203,31436.95,"$63,750",Yes,"31,436.95",No,No,"Tax sale scheduled, Address found, Delinquent taxes",Tax Sale List,TAXSALE-TX-23-01116,https://taxsales.lgbs.com/?cause=TX-23-01116
68,Tax Sale,TAXSALE,,Hill Alfred,1212 Puritan Dr,Dallas,TX,75203,4004 Happy Canyon Dr,Dallas,TX,75241,9500.0,"$63,750",Yes,"9,500.00",No,No,"Tax sale scheduled, Address found, Delinquent taxes",Tax Sale List,TAXSALE-TX-18-00630,https://taxsales.lgbs.com/?cause=TX-18-00630
68,Tax Sale,TAXSALE,,Dallas City Of,4853 Morris St,Dallas,TX,75212,320 E Jefferson Blvd # 203,Dallas,TX,75203,20073.23,"$110,000",Yes,"20,073.23",No,No,"Tax sale scheduled, Address found, Delinquent taxes",Tax Sale List,TAXSALE-TX-23-01751,https://taxsales.lgbs.com/?cause=TX-23-01751
68,Tax Sale,TAXSALE,,Contreras Bartolo T Jr,4103 Odessa St,Dallas,TX,75212,1129 Oak Creek Rd,Red Oak,TX,75154,,"$110,000",Yes,,No,No,"Tax sale scheduled, Address found, Delinquent taxes",Tax Sale List,TAXSALE-TX-12-50032,https://taxsales.lgbs.com/?cause=TX-12-50032
68,Tax Sale,TAXSALE,,Lozano Alejandro Contreras,2122 Harrell Ave,Dallas,TX,75203,2122 Harrell Ave,Dallas,TX,75203,,"$292,730",Yes,,No,No,"Tax sale scheduled, Address found, Delinquent taxes",Tax Sale List,TAXSALE-04-50034-T-J,https://taxsales.lgbs.com/?cause=04-50034-T-J
68,Tax Sale,TAXSALE,,Hamway Michael,355 Avenue E,Dallas,TX,75203,403 Avenue E,Dallas,TX,75203,,"$90,000",Yes,,No,No,"Tax sale scheduled, Address found, Delinquent taxes",Tax Sale List,TAXSALE-TX-05-50239,https://taxsales.lgbs.com/?cause=TX-05-50239
68,Tax Sale,TAXSALE,,Mendoza Josephine Sanchez,3914 Ingersoll St,Dallas,TX,75212-1029,3910 Ingersoll St,Dallas,TX,75212,11855.96,"$110,000",Yes,"11,855.96",No,No,"Tax sale scheduled, Address found, Delinquent taxes",Tax Sale List,TAXSALE-TX-22-01576,https://taxsales.lgbs.com/?cause=TX-22-01576
68,Tax Sale,TAXSALE,,Rodriguez Bernardino Torres &,1209 Milam Way,Carrollton,TX,75006-7629,3116 Kendale Dr,Dallas,TX,75220,,"$341,470",Yes,,No,No,"Tax sale scheduled, Address found, Delinquent taxes",Tax Sale List,TAXSALE-TX-23-00753,https://taxsales.lgbs.com/?cause=TX-23-00753
68,Tax Sale,TAXSALE,,Dallas City Of,2402 Finklea St,Dallas,TX,75212,320 E Jefferson Blvd # 203,Dallas,TX,75203,10059.77,"$20,000",Yes,"10,059.77",No,No,"Tax sale scheduled, Address found, Delinquent taxes",Tax Sale List,TAXSALE-TX-22-01588,https://taxsales.lgbs.com/?cause=TX-22-01588
68,Tax Sale,TAXSALE,,Zaki Daad,2807 Iroquois St,Dallas,TX,75212,7208 Comal Dr,Irving,TX,75039,,"$100,000",Yes,,No,No,"Tax sale scheduled, Address found, Delinquent taxes",Tax Sale List,TAXSALE-TX-12-50125,https://taxsales.lgbs.com/?cause=TX-12-50125
68,Tax Sale,TAXSALE,,Soto Xavier,5426 Chippewa Dr,Dallas,TX,75212,1547 N Clinton Ave,Dallas,TX,75208,,"$100,000",Yes,,No,No,"Tax sale scheduled, Address found, Delinquent taxes",Tax Sale List,TAXSALE-TX-24-01029,https://taxsales.lgbs.com/?cause=TX-24-01029
68,Tax Sale,TAXSALE,,First Church Of,2510 Givendale Rd,Dallas,TX,75241,Po Box 150326,Dallas,TX,75315,20064.17,"$35,000",Yes,"20,064.17",No,No,"Tax sale scheduled, Address found, Delinquent taxes",Tax Sale List,TAXSALE-TX-22-01796,https://taxsales.lgbs.com/?cause=TX-22-01796
68,Tax Sale,TAXSALE,,Dallas City Of,2711 Simpson Stuart Rd,Dallas,TX,75241,320 E Jefferson Blvd #203,Dallas,TX,75203,24564.09,"$60,000",Yes,"24,564.09",No,No,"Tax sale scheduled, Address found, Delinquent taxes",Tax Sale List,TAXSALE-TX-22-01680,https://taxsales.lgbs.com/?cause=TX-22-01680
68,Tax Sale,TAXSALE,,Middleton Kelvin,2718 Lebrock St,Dallas,TX,75241,6446 Kemrock Dr,Dallas,TX,75241,7905.96,"$70,000",Yes,"7,905.96",No,No,"Tax sale scheduled, Address found, Delinquent taxes",Tax Sale List,TAXSALE-TX-22-01267,https://taxsales.lgbs.com/?cause=TX-22-01267
68,Tax Sale,TAXSALE,,Dallas City Of,2838 Lebrock St,Dallas,TX,75241,1500 Marilla St,Dallas,TX,75201,18175.87,"$28,000",Yes,"18,175.87",No,No,"Tax sale scheduled, Address found, Delinquent taxes",Tax Sale List,TAXSALE-TX-22-01280,https://taxsales.lgbs.com/?cause=TX-22-01280
68,Tax Sale,TAXSALE,,Middleton R G &,2815 Lebrock St,Dallas,TX,75241-4946,2715 Lebrock St,Dallas,TX,75241,5336.81,"$66,500",Yes,"5,336.81",No,No,"Tax sale scheduled, Address found, Delinquent taxes",Tax Sale List,TAXSALE-TX-15-00170,https://taxsales.lgbs.com/?cause=TX-15-00170
68,Tax Sale,TAXSALE,,Townsley Kenneth Tr,14130 Regency Pl,Dallas,TX,75254,12561 Perimeter Rd C/O Airtech Intnl Grp Inc,Dallas,TX,75228,3750.0,"$3,750",Yes,"3,750.00",No,No,"Tax sale scheduled, Address found, Delinquent taxes",Tax Sale List,TAXSALE-TX-22-00731,https://taxsales.lgbs.com/?cause=TX-22-00731
68,Tax Sale,TAXSALE,,Olguin Carmen,1903 Smoke Tree Ln,Dallas,TX,75253,1911 Smoke Tree Ln,Dallas,TX,75253,,"$100,000",Yes,,No,No,"Tax sale scheduled, Address found, Delinquent taxes",Tax Sale List,TAXSALE-TX-19-01281,https://taxsales.lgbs.com/?cause=TX-19-01281
68,Tax Sale,TAXSALE,,Odom Nolan A & Aline,1731 Smoke Tree Ln.,Dallas,TX,75253-3818,1721 Smoke Tree Ln,Dallas,TX,75253,40448.07,"$235,740",Yes,"40,448.07",No,No,"Tax sale scheduled, Address found, Delinquent taxes",Tax Sale List,TAXSALE-TX-24-00308,https://taxsales.lgbs.com/?cause=TX-24-00308
68,Tax Sale,TAXSALE,,Vasquez Ruben & Violeta Leija,15316 Ridgecrest Dr,Dallas,TX,75253-5335,15316 Ridgecrest Dr,Dallas,TX,75253,11688.88,"$44,120",Yes,"11,688.88",No,No,"Tax sale scheduled, Address found, Delinquent taxes",Tax Sale List,TAXSALE-TX-19-00719,https://taxsales.lgbs.com/?cause=TX-19-00719
68,Tax Sale,TAXSALE,,Rich Linda C,1212 Marlynn St,Irving,TX,75061-5041,1212 Marlynn St,Irving,TX,75061,,"$265,360",Yes,,No,No,"Tax sale scheduled, Address found, Delinquent taxes",Tax Sale List,TAXSALE-TX-17-00594,https://taxsales.lgbs.com/?cause=TX-17-00594
68,Tax Sale,TAXSALE,,Callejas Jose,2660 San Paula Ave,Dallas,TX,75228-3162,2660 San Paula Ave,Dallas,TX,75228,23864.82,"$250,250",Yes,"23,864.82",No,No,"Tax sale scheduled, Address found, Delinquent taxes",Tax Sale List,TAXSALE-TX-23-00830,https://taxsales.lgbs.com/?cause=TX-23-00830
68,Tax Sale,TAXSALE,,Rudys Pawsome Kingdom,1103 S Main St,Duncanville,TX,75137-3201,Attn Prop Tax 1103 S Main St,Duncanville,TX,75137,,"$3,520",Yes,,No,No,"Tax sale scheduled, Address found, Delinquent taxes",Tax Sale List,TAXSALE-TX-22-00538,https://taxsales.lgbs.com/?cause=TX-22-00538
68,Tax Sale,TAXSALE,,Romero Ana V Chavarria &,4161 Ball St,Dallas,TX,75216-6417,4161 Ball St,Dallas,TX,75216,,"$298,400",Yes,,No,No,"Tax sale scheduled, Address found, Delinquent taxes",Tax Sale List,TAXSALE-TX-13-50027,https://taxsales.lgbs.com/?cause=TX-13-50027
68,Tax Sale,TAXSALE,,Davis Maurice &,3942 Wilder St,Dallas,TX,75215-3840,7841 Mirage Valley Dr,Dallas,TX,75232,,"$124,380",Yes,,No,No,"Tax sale scheduled, Address found, Delinquent taxes",Tax Sale List,TAXSALE-TX-19-01222,https://taxsales.lgbs.com/?cause=TX-19-01222
68,Tax Sale,TAXSALE,,Dallas City Of,2623 Lagow St,Dallas,TX,75210-1610,320 E Jefferson Blvd # 203,Dallas,TX,75203,49949.36,"$43,600",Yes,"49,949.36",No,No,"Tax sale scheduled, Address found, Delinquent taxes",Tax Sale List,TAXSALE-TX-22-01406,https://taxsales.lgbs.com/?cause=TX-22-01406
68,Tax Sale,TAXSALE,,Cors Susana,634 N 5Th St,Garland,TX,75040-5034,Ste B  634 N 5Th St,Garland,TX,75040,12717.1,"$16,120",Yes,"12,717.10",No,No,"Tax sale scheduled, Address found, Delinquent taxes",Tax Sale List,TAXSALE-TX-23-01447,https://taxsales.lgbs.com/?cause=TX-23-01447
68,Tax Sale,TAXSALE,,Heard Marvin E Jr &,109 Neece Dr,Irving,TX,75060-3220,620 Arawe Cir E,Irving,TX,75060,,"$182,730",Yes,,No,No,"Tax sale scheduled, Address found, Delinquent taxes",Tax Sale List,TAXSALE-TX-19-01731,https://taxsales.lgbs.com/?cause=TX-19-01731
68,Tax Sale,TAXSALE,,Dallas City Of,3902 Cauthorn Dr,Dallas,TX,75210-2929,320 E Jefferson Blvd #203,Dallas,TX,75203,25043.16,"$142,400",Yes,"25,043.16",No,No,"Tax sale scheduled, Address found, Delinquent taxes",Tax Sale List,TAXSALE-TX-24-01513,https://taxsales.lgbs.com/?cause=TX-24-01513
68,Tax Sale,TAXSALE,,,213 Sycamore St,Mansfield,TX,76063-1736,,,TX,,,,Yes,,No,No,"Tax sale scheduled, Address found, Delinquent taxes",Tax Sale List,TAXSALE-096-D45789-25,https://taxsales.lgbs.com/?cause=096-D45789-25
68,Tax Sale,TAXSALE,,,1140 Grove Ct,Burleson,TX,76028-8425,,,TX,,,,Yes,,No,No,"Tax sale scheduled, Address found, Delinquent taxes",Tax Sale List,TAXSALE-236-D44882-24,https://taxsales.lgbs.com/?cause=236-D44882-24
68,Tax Sale,TAXSALE,,,2844 Canton Dr,Fort Worth,TX,76112-6504,,,TX,,,,Yes,,No,No,"Tax sale scheduled, Address found, Delinquent taxes",Tax Sale List,TAXSALE-352-D12995-17,https://taxsales.lgbs.com/?cause=352-D12995-17
68,Tax Sale,TAXSALE,,Hurtado Blanca Estela,3511 Lennox Ln,Irving,TX,75060-2005,621 Long Acre St,Irving,TX,75060,,"$31,050",Yes,,No,No,"Tax sale scheduled, Address found, Delinquent taxes",Tax Sale List,TAXSALE-TX-19-00198,https://taxsales.lgbs.com/?cause=TX-19-00198
68,Tax Sale,TAXSALE,,,3308 Grady St,Forest Hill,TX,76119-6618,,,TX,,,,Yes,,No,No,"Tax sale scheduled, Address found, Delinquent taxes",Tax Sale List,TAXSALE-017-D43728-24,https://taxsales.lgbs.com/?cause=017-D43728-24
68,Tax Sale,TAXSALE,,,615 Hillcrest St,Mansfield,TX,76063-2162,,,TX,,,,Yes,,No,No,"Tax sale scheduled, Address found, Delinquent taxes",Tax Sale List,TAXSALE-348-D49102-25,https://taxsales.lgbs.com/?cause=348-D49102-25
68,Tax Sale,TAXSALE,,,6912 Brentwood Stair Rd,Fort Worth,TX,76112-3305,,,TX,,,,Yes,,No,No,"Tax sale scheduled, Address found, Delinquent taxes",Tax Sale List,TAXSALE-141-D49133-25,https://taxsales.lgbs.com/?cause=141-D49133-25
68,Tax Sale,TAXSALE,,,2224 Columbus Ave,Fort Worth,TX,76164-7857,,,TX,,,,Yes,,No,No,"Tax sale scheduled, Address found, Delinquent taxes",Tax Sale List,TAXSALE-141-D42972-24,https://taxsales.lgbs.com/?cause=141-D42972-24
68,Tax Sale,TAXSALE,,,110 N Holland Rd,Mansfield,TX,76063,,,TX,,,,Yes,,No,No,"Tax sale scheduled, Address found, Delinquent taxes",Tax Sale List,TAXSALE-141-D36172-23,https://taxsales.lgbs.com/?cause=141-D36172-23
68,Tax Sale,TAXSALE,,,2323 Cripple Creek Dr,Arlington,TX,76014-1755,,,TX,,,,Yes,,No,No,"Tax sale scheduled, Address found, Delinquent taxes",Tax Sale List,TAXSALE-342-D48666-25,https://taxsales.lgbs.com/?cause=342-D48666-25
68,Tax Sale,TAXSALE,,,7932 Katie Ln,Watauga,TX,76148-1511,,,TX,,,,Yes,,No,No,"Tax sale scheduled, Address found, Delinquent taxes",Tax Sale List,TAXSALE-352-D20829-19,https://taxsales.lgbs.com/?cause=352-D20829-19
68,Tax Sale,TAXSALE,,,616 Eagle Trace Dr,Arlington,TX,76018-2200,,,TX,,,,Yes,,No,No,"Tax sale scheduled, Address found, Delinquent taxes",Tax Sale List,TAXSALE-236-D43406-24,https://taxsales.lgbs.com/?cause=236-D43406-24
68,Tax Sale,TAXSALE,,Velez Margaret,513 Country Ln,Haslet,TX,76052-4315,513 Country Ln,Grand Prairie,TX,75052,,"$241,060",Yes,,No,No,"Tax sale scheduled, Address found, Delinquent taxes",Tax Sale List,TAXSALE-048-D43747-24,https://taxsales.lgbs.com/?cause=048-D43747-24
68,Tax Sale,TAXSALE,,Vigil Edilberto,4657 Timber Wood Dr,Dallas,TX,75211-7851,4657 Timber Wood Dr,Dallas,TX,75211,,"$229,330",Yes,,No,No,"Tax sale scheduled, Address found, Delinquent taxes",Tax Sale List,TAXSALE-TX-24-01893,https://taxsales.lgbs.com/?cause=TX-24-01893
68,Tax Sale,TAXSALE,,Brown Felecia,1013 Parkway Ter,Cedar Hill,TX,75104-4761,1017  Vedral Place,Cedar Hill,TX,75104,,"$160,320",Yes,,No,No,"Tax sale scheduled, Address found, Delinquent taxes",Tax Sale List,TAXSALE-TX-23-01681,https://taxsales.lgbs.com/?cause=TX-23-01681
68,Tax Sale,TAXSALE,,Duarte Juan J,3237 Santiago Dr,Mesquite,TX,75150-1722,3237 Santiago Dr,Mesquite,TX,75150,11647.26,"$255,080",Yes,"11,647.26",No,No,"Tax sale scheduled, Address found, Delinquent taxes",Tax Sale List,TAXSALE-TX-24-00025,https://taxsales.lgbs.com/?cause=TX-24-00025
68,Tax Sale,TAXSALE,,Dallas City Of,2330 Bethurum Ave,Dallas,TX,75215-5125,320 E Jefferson Blvd # 203,Dallas,TX,75203,30082.79,"$123,770",Yes,"30,082.79",No,No,"Tax sale scheduled, Address found, Delinquent taxes",Tax Sale List,TAXSALE-TX-24-01236,https://taxsales.lgbs.com/?cause=TX-24-01236
68,Tax Sale,TAXSALE,,,5308 Gale Ln,Fort Worth,TX,76119-8615,,,TX,,,,Yes,,No,No,"Tax sale scheduled, Address found, Delinquent taxes",Tax Sale List,TAXSALE-342-D31125-22,https://taxsales.lgbs.com/?cause=342-D31125-22
68,Tax Sale,TAXSALE,,,5401 Summit Peak Dr,Arlington,TX,76017-1943,,,TX,,,,Yes,,No,No,"Tax sale scheduled, Address found, Delinquent taxes",Tax Sale List,TAXSALE-141-D48107-25,https://taxsales.lgbs.com/?cause=141-D48107-25
68,Tax Sale,TAXSALE,,,6405 Brookglen Dr,Arlington,TX,76018-3015,,,TX,,,,Yes,,No,No,"Tax sale scheduled, Address found, Delinquent taxes",Tax Sale List,TAXSALE-153-D38375-23,https://taxsales.lgbs.com/?cause=153-D38375-23
68,Tax Sale,TAXSALE,,,7233 Pecan Ct,Mansfield,TX,76063-4923,,,TX,,,,Yes,,No,No,"Tax sale scheduled, Address found, Delinquent taxes",Tax Sale List,TAXSALE-141-D30600-21,https://taxsales.lgbs.com/?cause=141-D30600-21
68,Tax Sale,TAXSALE,,,6306 Fairlane Dr,Arlington,TX,76001-7404,,,TX,,,,Yes,,No,No,"Tax sale scheduled, Address found, Delinquent taxes",Tax Sale List,TAXSALE-236-D42860-24,https://taxsales.lgbs.com/?cause=236-D42860-24
68,Tax Sale,TAXSALE,,,405 King St,Everman,TX,76140,,,TX,,,,Yes,,No,No,"Tax sale scheduled, Address found, Delinquent taxes",Tax Sale List,TAXSALE-048-D46891-25,https://taxsales.lgbs.com/?cause=048-D46891-25
68,Tax Sale,TAXSALE,,,403 King St,Everman,TX,76140,,,TX,,,,Yes,,No,No,"Tax sale scheduled, Address found, Delinquent taxes",Tax Sale List,TAXSALE-048-D46891-25,https://taxsales.lgbs.com/?cause=048-D46891-25
68,Tax Sale,TAXSALE,,,2608 Stoneridge Ct,Arlington,TX,76014-1068,,,TX,,,,Yes,,No,No,"Tax sale scheduled, Address found, Delinquent taxes",Tax Sale List,TAXSALE-096-D49249-25,https://taxsales.lgbs.com/?cause=096-D49249-25
68,Tax Sale,TAXSALE,,,3113 Amber Dr S,Fort Worth,TX,76133-6449,,,TX,,,,Yes,,No,No,"Tax sale scheduled, Address found, Delinquent taxes",Tax Sale List,TAXSALE-236-D35903-23,https://taxsales.lgbs.com/?cause=236-D35903-23
68,Tax Sale,TAXSALE,,,7112 Yolanda Dr,Fort Worth,TX,76112-4240,,,TX,,,,Yes,,No,No,"Tax sale scheduled, Address found, Delinquent taxes",Tax Sale List,TAXSALE-352-D39752-24,https://taxsales.lgbs.com/?cause=352-D39752-24
68,Tax Sale,TAXSALE,,,7201 Greenspoint Dr,Arlington,TX,76001-6767,,,TX,,,,Yes,,No,No,"Tax sale scheduled, Address found, Delinquent taxes",Tax Sale List,TAXSALE-342-D45610-25,https://taxsales.lgbs.com/?cause=342-D45610-25
68,Tax Sale,TAXSALE,,,3560 Regal Rd,Fort Worth,TX,76111-6341,,,TX,,,,Yes,,No,No,"Tax sale scheduled, Address found, Delinquent taxes",Tax Sale List,TAXSALE-348-D44132-24,https://taxsales.lgbs.com/?cause=348-D44132-24
68,Tax Sale,TAXSALE,,,7020 Lincolnshire Ln,North Richland H,TX,76182-4430,,,TX,,,,Yes,,No,No,"Tax sale scheduled, Address found, Delinquent taxes",Tax Sale List,TAXSALE-342-D50963-26,https://taxsales.lgbs.com/?cause=342-D50963-26
68,Tax Sale,TAXSALE,,,1708 Northcrest Dr,Arlington,TX,76012-1914,,,TX,,,,Yes,,No,No,"Tax sale scheduled, Address found, Delinquent taxes",Tax Sale List,TAXSALE-348-D48592-25,https://taxsales.lgbs.com/?cause=348-D48592-25
68,Tax Sale,TAXSALE,,,1214 Dan Gould Dr,Arlington,TX,76001-7109,,,TX,,,,Yes,,No,No,"Tax sale scheduled, Address found, Delinquent taxes",Tax Sale List,TAXSALE-342-D50462-25,https://taxsales.lgbs.com/?cause=342-D50462-25
68,Tax Sale,TAXSALE,,,3116 Jane Ln,Haltom City,TX,76117-4022,,,TX,,,,Yes,,No,No,"Tax sale scheduled, Address found, Delinquent taxes",Tax Sale List,TAXSALE-342-D49338-25,https://taxsales.lgbs.com/?cause=342-D49338-25
68,Tax Sale,TAXSALE,,,2821 Dell St,Fort Worth,TX,76111-4233,,,TX,,,,Yes,,No,No,"Tax sale scheduled, Address found, Delinquent taxes",Tax Sale List,TAXSALE-017-D46462-25,https://taxsales.lgbs.com/?cause=017-D46462-25
68,Tax Sale,TAXSALE,,,4801 Ramey Ave,Fort Worth,TX,76105-3600,,,TX,,,,Yes,,No,No,"Tax sale scheduled, Address found, Delinquent taxes",Tax Sale List,TAXSALE-048-D49168-25,https://taxsales.lgbs.com/?cause=048-D49168-25
68,Tax Sale,TAXSALE,,,3212 Appomattox Dr,Forest Hill,TX,76140-2506,,,TX,,,,Yes,,No,No,"Tax sale scheduled, Address found, Delinquent taxes",Tax Sale List,TAXSALE-352-D24348-20,https://taxsales.lgbs.com/?cause=352-D24348-20
68,Tax Sale,TAXSALE,,,33 York Dr,Edgecliff Villag,TX,76134-2546,,,TX,,,,Yes,,No,No,"Tax sale scheduled, Address found, Delinquent taxes",Tax Sale List,TAXSALE-342-D48329-25,https://taxsales.lgbs.com/?cause=342-D48329-25
68,Tax Sale,TAXSALE,,,4124 Hawlet St,Fort Worth,TX,76103-3937,,,TX,,,,Yes,,No,No,"Tax sale scheduled, Address found, Delinquent taxes",Tax Sale List,TAXSALE-017-D43913-24,https://taxsales.lgbs.com/?cause=017-D43913-24
68,Tax Sale,TAXSALE,,,7371 Norma St,Fort Worth,TX,76112-5827,,,TX,,,,Yes,,No,No,"Tax sale scheduled, Address found, Delinquent taxes",Tax Sale List,TAXSALE-017-D43436-24,https://taxsales.lgbs.com/?cause=017-D43436-24
68,Tax Sale,TAXSALE,,,5745 Shipp Dr,Watauga,TX,76148-3419,,,TX,,,,Yes,,No,No,"Tax sale scheduled, Address found, Delinquent taxes",Tax Sale List,TAXSALE-141-D48924-25,https://taxsales.lgbs.com/?cause=141-D48924-25
68,Tax Sale,TAXSALE,,,1904 Rutherford Ln,Arlington,TX,76014-3516,,,TX,,,,Yes,,No,No,"Tax sale scheduled, Address found, Delinquent taxes",Tax Sale List,TAXSALE-342-D48975-25,https://taxsales.lgbs.com/?cause=342-D48975-25
68,Tax Sale,TAXSALE,,,2802 Nw 20Th St,Fort Worth,TX,76106-5027,,,TX,,,,Yes,,No,No,"Tax sale scheduled, Address found, Delinquent taxes",Tax Sale List,TAXSALE-067-D38131-23,https://taxsales.lgbs.com/?cause=067-D38131-23
68,Tax Sale,TAXSALE,,,6037 Dallas Ave,Fort Worth,TX,76112,,,TX,,,,Yes,,No,No,"Tax sale scheduled, Address found, Delinquent taxes",Tax Sale List,TAXSALE-017-D45907-25,https://taxsales.lgbs.com/?cause=017-D45907-25
68,Tax Sale,TAXSALE,,,3115 Dorchester Dr,Arlington,TX,76014-2516,,,TX,,,,Yes,,No,No,"Tax sale scheduled, Address found, Delinquent taxes",Tax Sale List,TAXSALE-342-D48696-25,https://taxsales.lgbs.com/?cause=342-D48696-25
68,Tax Sale,TAXSALE,,Burks Kimberly Shawn,E 7Th St,Midlothian,TX,76065,220 E 7Th St,Lancaster,TX,75146,15030.8,,Yes,"15,030.80",No,No,"Tax sale scheduled, Address found, Delinquent taxes",Tax Sale List,TAXSALE-21852TX,https://taxsales.lgbs.com/?cause=21852TX
60,Lis Pendens,LP,08/05/2026,Rocket Mortgage Llc,,Carrollton,TX,,,,TX,,,,No,,No,No,"Lis pendens, LLC / corp owner",Dallas County Clerk,202600166951,https://dallas.tx.publicsearch.us/doc/326469828
48,Notice of Foreclosure,NOFC,08/07/2026,U S Bank Trust National Association Tr,,Desoto,TX,,318 Buffalo Creek Dr,Desoto,TX,75115,,"$346,300",No,,No,No,"Pre-foreclosure, Address found, LLC / corp owner",Dallas County Clerk,202600169846,https://dallas.tx.publicsearch.us/doc/328053735
45,Notice of Foreclosure,NOFC,07/29/2026,U S Bank Trust National Association Tr,,Dallas,TX,,,,TX,,,,No,,No,No,"Pre-foreclosure, LLC / corp owner",Dallas County Clerk,202600162371,https://dallas.tx.publicsearch.us/doc/323296030
45,Notice of Foreclosure,NOFC,07/21/2026,U S Bank Trust National Association Tr,,Dallas,TX,,,,TX,,,,No,,No,No,"Pre-foreclosure, LLC / corp owner",Dallas County Clerk,202600155068,https://dallas.tx.publicsearch.us/doc/321822745
45,Notice of Foreclosure,NOFC,07/21/2026,Amerihome Mortgage Company Llc,,Dallas,TX,,,,TX,,,,No,,No,No,"Pre-foreclosure, LLC / corp owner",Dallas County Clerk,202600154647,https://dallas.tx.publicsearch.us/doc/321818618
45,Notice of Foreclosure,NOFC,07/30/2026,Tier One Funding Ca Inc,,Dallas,TX,,,,TX,,,,No,,No,No,"Pre-foreclosure, LLC / corp owner",Dallas County Clerk,202600162738,https://dallas.tx.publicsearch.us/doc/323305294
45,Notice of Foreclosure,NOFC,07/24/2026,Westmoreland Estates Homeowners Association Inc,,Desoto,TX,,,,TX,,,,No,,No,No,"Pre-foreclosure, LLC / corp owner",Dallas County Clerk,202600157746,https://dallas.tx.publicsearch.us/doc/322010764
45,Notice of Foreclosure,NOFC,07/17/2026,Stockman Foreclosure Services Inc Tr,,Dallas,TX,,,,TX,,,,No,,No,No,"Pre-foreclosure, LLC / corp owner",Dallas County Clerk,202600152797,https://dallas.tx.publicsearch.us/doc/321754745
45,Lis Pendens,LP,08/11/2026,Newrez Llc Dba,,Farmers Branch,TX,,,,TX,,,,No,,No,No,"Lis pendens, New this week, LLC / corp owner",Dallas County Clerk,202600172022,https://dallas.tx.publicsearch.us/doc/329117244
43,Notice of Foreclosure,NOFC,08/05/2026,Credit Union Of Texas,,Irving,TX,,836 Rockingham Dr,Irving,TX,75063,,"$497,930",No,,No,No,"Pre-foreclosure, Address found",Dallas County Clerk,202600166967,https://dallas.tx.publicsearch.us/doc/326469845
43,Lis Pendens,LP,07/29/2026,Avalon Villas De Llc,,Irving,TX,,Po Box 716,Prosper,TX,75078,,"$32,000,000",No,,No,No,"Lis pendens, Address found, LLC / corp owner",Dallas County Clerk,202600161968,https://dallas.tx.publicsearch.us/doc/323287496
40,Notice of Foreclosure,NOFC,07/29/2026,Servbank,,Dallas,TX,,,,TX,,,,No,,No,No,Pre-foreclosure,Dallas County Clerk,202600162391,https://dallas.tx.publicsearch.us/doc/323296038
40,Notice of Foreclosure,NOFC,07/21/2026,Servbank,,Dallas,TX,,,,TX,,,,No,,No,No,Pre-foreclosure,Dallas County Clerk,202600155471,https://dallas.tx.publicsearch.us/doc/321827736
40,Lis Pendens,LP,08/10/2026,Hayes Owen Alison,,N/A,TX,,,,TX,,,,No,,No,No,"Lis pendens, New this week",Dallas County Clerk,202600170738,https://dallas.tx.publicsearch.us/doc/329101434
40,Lis Pendens,LP,07/28/2026,Avalon Villas De Llc Dba,,N/A,TX,,,,TX,,,,No,,No,No,"Lis pendens, LLC / corp owner",Dallas County Clerk,202600160853,https://dallas.tx.publicsearch.us/doc/323268210
40,Lis Pendens,LP,07/24/2026,Towers Holdings Llc Dba,,N/A,TX,,,,TX,,,,No,,No,No,"Lis pendens, LLC / corp owner",Dallas County Clerk,202600157712,https://dallas.tx.publicsearch.us/doc/322009764
40,Lis Pendens,LP,07/28/2026,Valley Ranch Master Association Inc,,Irving,TX,,,,TX,,,,No,,No,No,"Lis pendens, LLC / corp owner",Dallas County Clerk,202600160330,https://dallas.tx.publicsearch.us/doc/323263022
40,Lis Pendens,LP,07/28/2026,Avalon Villas De Llc Dba,,N/A,TX,,,,TX,,,,No,,No,No,"Lis pendens, LLC / corp owner",Dallas County Clerk,202600160850,https://dallas.tx.publicsearch.us/doc/323268218
40,Lis Pendens,LP,07/22/2026,Lakeview Loan Servicing Llc,,Desoto,TX,,,,TX,,,,No,,No,No,"Lis pendens, LLC / corp owner",Dallas County Clerk,202600155971,https://dallas.tx.publicsearch.us/doc/321975784
40,Lis Pendens,LP,07/23/2026,Dallas One Orleans Place Owners Association Inc,,Dallas,TX,,,,TX,,,,No,,No,No,"Lis pendens, LLC / corp owner",Dallas County Clerk,202600157572,https://dallas.tx.publicsearch.us/doc/322005443
40,Lis Pendens,LP,07/28/2026,The Firmament Llc,,Dallas,TX,,,,TX,,,,No,,No,No,"Lis pendens, LLC / corp owner",Dallas County Clerk,202600160215,https://dallas.tx.publicsearch.us/doc/323262879
40,Lis Pendens,LP,08/06/2026,Lopez Foundation Repair Llc,,Carrollton,TX,,,,TX,,,,No,,No,No,"Lis pendens, LLC / corp owner",Dallas County Clerk,202600168887,https://dallas.tx.publicsearch.us/doc/327896918
40,Lis Pendens,LP,07/22/2026,The Renaissance On Turtle Creek Condominium Association Inc,,Dallas,TX,,,,TX,,,,No,,No,No,"Lis pendens, LLC / corp owner",Dallas County Clerk,202600156852,https://dallas.tx.publicsearch.us/doc/321990014
40,Lis Pendens,LP,07/20/2026,Solaire Group Llc Dba,,N/A,TX,,,,TX,,,,No,,No,No,"Lis pendens, LLC / corp owner",Dallas County Clerk,202600154312,https://dallas.tx.publicsearch.us/doc/321807983
40,Lis Pendens,LP,07/22/2026,Lakeview Loan Servicing Llc,,Mesquite,TX,,,,TX,,,,No,,No,No,"Lis pendens, LLC / corp owner",Dallas County Clerk,202600156013,https://dallas.tx.publicsearch.us/doc/321975817
40,Lis Pendens,LP,07/22/2026,Lakeview Loan Servicing Llc,,Wilmer,TX,,,,TX,,,,No,,No,No,"Lis pendens, LLC / corp owner",Dallas County Clerk,202600156014,https://dallas.tx.publicsearch.us/doc/321975811
38,Lis Pendens,LP,07/30/2026,Hernandez Jose Jesus Vera,,Mesquite,TX,,3505 Beth Dr,Mesquite,TX,75150,,"$165,000",No,,No,No,"Lis pendens, Address found",Dallas County Clerk,202600163228,https://dallas.tx.publicsearch.us/doc/324808955
38,Lis Pendens,LP,07/29/2026,Tate Leon Payton,,N/A,TX,,820 Clearfield Rd,Dallas,TX,75217,,"$231,260",No,,No,No,"Lis pendens, Address found",Dallas County Clerk,202600162234,https://dallas.tx.publicsearch.us/doc/323290786
38,Lis Pendens,LP,07/29/2026,Atmos Energy Corporation,,No Town,TX,,3911 Us Highway 80 E,Mesquite,TX,75150,,"$729,210",No,,No,No,"Lis pendens, Address found",Dallas County Clerk,202600161371,https://dallas.tx.publicsearch.us/doc/323278184
38,Lis Pendens,LP,07/29/2026,Glenn Heights City,,N/A,TX,,820 Clearfield Rd,Dallas,TX,75217,,"$231,260",No,,No,No,"Lis pendens, Address found",Dallas County Clerk,202600162235,https://dallas.tx.publicsearch.us/doc/323290791
38,Lis Pendens,LP,07/28/2026,Clyman Jody Dale Aka,2 Of The Valley Ranch Sect,N/A,TX,,,,TX,,,,No,,No,No,"Lis pendens, Address found",Dallas County Clerk,202600160334,https://dallas.tx.publicsearch.us/doc/323262999
38,Lis Pendens,LP,07/28/2026,Trinity River Authority Of Texas,,Carrollton,TX,,1724 Luna Rd,Carrollton,TX,75006,,"$4,398,720",No,,No,No,"Lis pendens, Address found",Dallas County Clerk,202600159728,https://dallas.tx.publicsearch.us/doc/323257577
35,Lis Pendens,LP,07/20/2026,Young Scott,,Coppell,TX,,,,TX,,,,No,,No,No,Lis pendens,Dallas County Clerk,202600154336,https://dallas.tx.publicsearch.us/doc/321809886
35,Lis Pendens,LP,07/23/2026,Unknown,,Cedar Hill,TX,,,,TX,,,,No,,No,No,Lis pendens,Dallas County Clerk,202600156942,https://dallas.tx.publicsearch.us/doc/321993220
35,Lis Pendens,LP,08/05/2026,Dallas City,,Dallas,TX,,,,TX,,,,No,,No,No,Lis pendens,Dallas County Clerk,202600167009,https://dallas.tx.publicsearch.us/doc/326470474
35,Lis Pendens,LP,08/07/2026,Baylock George,,Dallas,TX,,,,TX,,,,No,,No,No,Lis pendens,Dallas County Clerk,202600169695,https://dallas.tx.publicsearch.us/doc/327919779
35,Lis Pendens,LP,07/30/2026,Texas State Of,,Dallas,TX,,,,TX,,,,No,,No,No,Lis pendens,Dallas County Clerk,202600163196,https://dallas.tx.publicsearch.us/doc/324808422
35,Lis Pendens,LP,07/22/2026,Dallas City,,Dallas,TX,,,,TX,,,,No,,No,No,Lis pendens,Dallas County Clerk,202600156736,https://dallas.tx.publicsearch.us/doc/321987049
35,Lis Pendens,LP,08/05/2026,Glenn Heights City,,N/A,TX,,,,TX,,,,No,,No,No,Lis pendens,Dallas County Clerk,202600167461,https://dallas.tx.publicsearch.us/doc/326479309
35,Lis Pendens,LP,07/28/2026,Zakaria Khurram Shahzad,,Irving,TX,,,,TX,,,,No,,No,No,Lis pendens,Dallas County Clerk,202600160331,https://dallas.tx.publicsearch.us/doc/323262985
35,Lis Pendens,LP,07/30/2026,Phillips Amanda,,Carrollton,TX,,,,TX,,,,No,,No,No,Lis pendens,Dallas County Clerk,202600163241,https://dallas.tx.publicsearch.us/doc/324808999
35,Lis Pendens,LP,08/06/2026,Foreman David,,Mesquite,TX,,,,TX,,,,No,,No,No,Lis pendens,Dallas County Clerk,202600168416,https://dallas.tx.publicsearch.us/doc/327506990
35,Lis Pendens,LP,07/17/2026,Unknown,,Dallas,TX,,,,TX,,,,No,,No,No,Lis pendens,Dallas County Clerk,202600153242,https://dallas.tx.publicsearch.us/doc/321769290
35,Lis Pendens,LP,08/07/2026,Bigvand Zagroos,,Dallas,TX,,,,TX,,,,No,,No,No,Lis pendens,Dallas County Clerk,202600169656,https://dallas.tx.publicsearch.us/doc/327919239
35,Lis Pendens,LP,07/28/2026,Trinity River Authority Of Texas,,Farmers Branch,TX,,,,TX,,,,No,,No,No,Lis pendens,Dallas County Clerk,202600159753,https://dallas.tx.publicsearch.us/doc/323257573
35,Lis Pendens,LP,07/21/2026,Unknown,,Dallas,TX,,,,TX,,,,No,,No,No,Lis pendens,Dallas County Clerk,202600154656,https://dallas.tx.publicsearch.us/doc/321818748
35,Lis Pendens,LP,07/28/2026,Patlan Rocio G,,Dallas,TX,,,,TX,,,,No,,No,No,Lis pendens,Dallas County Clerk,202600160324,https://dallas.tx.publicsearch.us/doc/323262993
35,Lis Pendens,LP,08/07/2026,Bigvand Zagroos,,Dallas,TX,,,,TX,,,,No,,No,No,Lis pendens,Dallas County Clerk,202600169657,https://dallas.tx.publicsearch.us/doc/327919237
35,Lis Pendens,LP,07/27/2026,Chuon Cindy C,,Irving,TX,,,,TX,,,,No,,No,No,Lis pendens,Dallas County Clerk,202600159610,https://dallas.tx.publicsearch.us/doc/322081000
35,Lis Pendens,LP,07/31/2026,Dallas City,,Dallas,TX,,,,TX,,,,No,,No,No,Lis pendens,Dallas County Clerk,202600163462,https://dallas.tx.publicsearch.us/doc/324816173
35,Lis Pendens,LP,07/20/2026,Watkins Ricky L,,Dallas,TX,,,,TX,,,,No,,No,No,Lis pendens,Dallas County Clerk,202600154517,https://dallas.tx.publicsearch.us/doc/321813643
35,Lis Pendens,LP,07/31/2026,Dallas City,,Dallas,TX,,,,TX,,,,No,,No,No,Lis pendens,Dallas County Clerk,202600163465,https://dallas.tx.publicsearch.us/doc/324816178
35,Lis Pendens,LP,08/05/2026,Dallas City,,Dallas,TX,,,,TX,,,,No,,No,No,Lis pendens,Dallas County Clerk,202600167003,https://dallas.tx.publicsearch.us/doc/326470470
35,Lis Pendens,LP,07/24/2026,New Falls Corporation,,Dallas,TX,,,,TX,,,,No,,No,No,Lis pendens,Dallas County Clerk,202600157959,https://dallas.tx.publicsearch.us/doc/322012618
35,Lis Pendens,LP,08/06/2026,Unknown,,Dallas,TX,,,,TX,,,,No,,No,No,Lis pendens,Dallas County Clerk,202600168971,https://dallas.tx.publicsearch.us/doc/327902511
35,Lis Pendens,LP,08/06/2026,Karetnick Jeffrey,,Dallas,TX,,,,TX,,,,No,,No,No,Lis pendens,Dallas County Clerk,202600169135,https://dallas.tx.publicsearch.us/doc/327904930
35,Lis Pendens,LP,07/30/2026,Unknown,,Cedar Hill,TX,,,,TX,,,,No,,No,No,Lis pendens,Dallas County Clerk,202600163197,https://dallas.tx.publicsearch.us/doc/324808425
35,Lis Pendens,LP,08/05/2026,Needham Steven A,,Dallas,TX,,,,TX,,,,No,,No,No,Lis pendens,Dallas County Clerk,202600167674,https://dallas.tx.publicsearch.us/doc/326480821
